BGE,rate,JV,JE,response
0.3440779791943184,0.16084733530750256,3.127545279490101e-5,1.9518841688514254e-5,positive
0.2330800748604044,0.4140408962958481,3.1013837838297075e-5,2.5767766323686073e-5,negative
0.2850652300758667,0.2460290087686744,3.037478629551319e-5,1.8999625891965147e-5,undefined
0.3552827221122664,0.20759483933285267,3.2437499856042525e-5,2.2606470042135802e-5,positive
0.35625979754076686,0.23468188926216385,3.221909573106038e-5,2.3416969383632136e-5,positive
0.35516050816730554,0.22607414724349761,3.2516553350412256e-5,2.2725572314704214e-5,positive
0.2868675633380928,0.4169305415072214,3.3557470170562684e-5,2.950430427885449e-5,positive
0.3495540918227759,0.30907736687766024,3.2561194633480884e-5,2.287534529751756e-5,positive
0.2804781319541941,0.2278921572779095,2.865881792116168e-5,1.5594541351220738e-5,undefined
0.31218308197358824,0.18972205007594176,2.9777199835699935e-5,1.5376564360273666e-5,undefined
0.31150991584734433,0.11923057055061219,2.8862884375426843e-5,1.2994344422707993e-5,positive
0.35057737166735614,0.16841999202515615,3.081555131281116e-5,1.784262370525116e-5,positive
0.2781264928826157,0.1995487479539783,2.8234102904327062e-5,1.5286894092240212e-5,undefined
0.2751872456320886,0.24160291397484432,2.9968552748718553e-5,1.858872623637527e-5,negative
0.2902368654915519,0.18276132354184713,2.918131820317147e-5,1.50746991220775e-5,negative
0.2782759842904111,0.28559232211199126,3.0029446295608244e-5,1.944741574075803e-5,negative
0.3053319054472478,0.29022859619567126,3.0308688845661466e-5,1.8862942962995285e-5,undefined
0.30874183616651296,0.10760128225630794,2.5891222826422414e-5,8.443451908677619e-6,undefined
0.3501192275410211,0.20495065608275145,3.010641663185077e-5,1.5990959100759452e-5,undefined
0.3333443483458746,0.2130790285028693,3.1979904311221466e-5,2.10969702603803e-5,positive
0.33154936689696324,0.19195633718199706,3.0998199775261645e-5,1.8881868937904904e-5,positive
0.35556747948938466,0.2534341857924306,3.237507103066888e-5,2.3787228072818675e-5,positive
0.3084320381364122,0.34432867773072234,3.184132197622888e-5,2.2075379182447124e-5,undefined
0.2729184287960874,0.2501352685000733,3.072266704016794e-5,2.321509534372158e-5,negative
0.2949074257330499,0.2708400754576175,3.224734823492088e-5,2.558987662447735e-5,positive
0.2993577141285184,0.25240943369685964,3.15818081092157e-5,2.240692049144984e-5,positive
0.24315190348587498,0.08948612324126548,1.6870274708192096e-5,4.549652231274208e-6,undefined
0.3110875761005975,0.14150424144137605,2.7624542798472343e-5,1.1687412142470888e-5,undefined
0.23588227012700494,0.5348025587237769,3.401938608766881e-5,3.317568206841684e-5,negative
0.32060536102075365,0.839461853724347,3.44447547288225e-5,3.379403733029386e-5,positive
0.3621710075210438,0.26732825799727356,3.4414630438122015e-5,2.9928614563730887e-5,positive
0.27316151049390025,0.12176139628810116,2.915206916026085e-5,1.6323340930426173e-5,undefined
0.35014668416871975,0.18826195330095336,3.234552257101148e-5,2.1642758788994267e-5,negative
0.35292770046683514,0.2384516399627242,3.234320513761623e-5,2.2363517688666338e-5,negative
0.342839295695042,0.10001841558203978,2.3140729765466052e-5,6.27133042351371e-6,positive
0.34328292471068883,0.09359833136320235,2.099703624313381e-5,5.0234671718924685e-6,positive
0.2713766311557393,0.5830960778640768,3.278413838507025e-5,2.8937341761408918e-5,undefined
0.25824581663898627,0.29328884316630377,3.21524204726644e-5,2.7794988104750967e-5,positive
0.2501687680080328,0.10088006830400938,2.3445961472170926e-5,1.0401266650827633e-5,positive
0.3099123700216545,0.16084635235075637,2.9798654826391256e-5,1.7357929355278084e-5,positive
0.21035639176264703,0.414023185019845,2.9303825859583045e-5,2.3647061767240217e-5,negative
0.2572679810092353,0.24602054599820866,2.8761589002620577e-5,1.680602346731103e-5,undefined
0.3206547935281044,0.2075923880457599,3.0910166964179035e-5,2.0415292777805065e-5,positive
0.32152689083393343,0.23467239145003393,3.082197959186523e-5,2.1253341515138978e-5,positive
0.32054683263807726,0.22606813186273472,3.099869865409515e-5,2.0533266597103078e-5,positive
0.25891476782892714,0.4169067750956057,3.0811962301836964e-5,2.5763265960516286e-5,positive
0.31514615083033976,0.3090688180599702,3.105924109859088e-5,2.0696448749717896e-5,positive
0.25297786387514043,0.22789097502931083,2.6901362849539676e-5,1.354958602288156e-5,undefined
0.28118790307163294,0.18966282563586848,3.876602852200027e-5,3.4853862446369475e-5,undefined
0.2807181725302125,0.11922482288051361,2.5365178921404634e-5,9.726242298999559e-6,positive
0.31627275789042564,0.16841301207645235,2.928373326090619e-5,1.570716553645036e-5,positive
0.25068402893192154,0.19954035648621993,2.6504540164456135e-5,1.3325294446936982e-5,undefined
0.24825139913163205,0.24159468148125995,2.8309600207234086e-5,1.640257405002333e-5,negative
0.261887298025542,0.18275395348549248,2.739972101322803e-5,1.3238019871684892e-5,negative
0.2511163551576322,0.28558937973211135,2.8233250851759323e-5,1.7304956606965105e-5,negative
0.27552000625102985,0.29022317585227203,2.853447906513243e-5,1.673049082334717e-5,undefined
0.2784675260159046,0.10759663481290332,2.405094995202639e-5,7.11028692658905e-6,undefined
0.3159249765493597,0.20494690371493207,2.8510504726417334e-5,1.3940327571535727e-5,undefined
0.30062721096692835,0.21307340253089307,2.893398905839303e-5,1.690668426822882e-5,positive
0.29911427868131196,0.19195146231530824,2.9483886238529485e-5,1.672100299990224e-5,positive
0.32085150469575263,0.2534270828077671,3.099848409408221e-5,2.1637043507836714e-5,positive
0.2784086354758738,0.34432327964009657,3.0197919216820898e-5,1.983084376887691e-5,undefined
0.24598054031658437,0.25012890406343463,2.9181639550555104e-5,2.1107678653353867e-5,negative
0.26618749157465377,0.2708300992883834,3.085821950503615e-5,2.353923800406417e-5,positive
0.27021291331719405,0.2523984885367048,2.9964700586665395e-5,2.0241969450181486e-5,positive
0.21946424914243906,0.08948568338498095,1.6843497456418236e-5,4.538431989384246e-6,undefined
0.28059135757626613,0.14149802277310483,2.577744696538579e-5,1.0155671351038948e-5,undefined
0.21246156944301425,0.5347575976346123,3.133653131439518e-5,3.0222248582700546e-5,negative
0.28955272004883276,0.8393969064227254,3.317809184622906e-5,3.240611429167e-5,positive
0.3269045007762523,0.26731700970952166,3.3135924000885435e-5,2.8031081539001628e-5,positive
0.24611385223185067,0.12175986001395274,2.562539931623882e-5,1.255271370262462e-5,undefined
0.3155709340364121,0.18825777445801226,2.938757377701762e-5,1.7439500436913317e-5,negative
0.3183955302363747,0.23844929931442105,3.0811353714453086e-5,2.01817549546591e-5,negative
0.30939299870485515,0.10001617540102808,2.3090632313618224e-5,6.243875593402257e-6,positive
0.30985113566115263,0.09359817114545026,2.0949661793558345e-5,5.002653561608625e-6,positive
0.24520030096646717,0.5830873658553605,3.138430979216235e-5,2.70452205124083e-5,undefined
0.23278671428814726,0.29327465657993523,3.060099137570256e-5,2.58114787489074e-5,positive
0.22608033709552583,0.10087825187700444,2.5240574304452832e-5,1.2024319094134014e-5,positive
0.17148080049765296,0.16080617285908932,2.4244335260023214e-5,1.1601602546906782e-5,positive
0.1172459197421161,0.4138060531583919,3.8712066472445933e-5,3.7613813784119885e-5,negative
0.14345333799947674,0.24596941877805664,2.1190549685403916e-5,9.672612783196684e-6,undefined
0.17892846966287068,0.2075436420165839,2.559394516621843e-5,1.3995136073091069e-5,positive
0.17936403637136733,0.23460886400188205,2.5343596214507473e-5,1.4837146971988491e-5,positive
0.1788740527955447,0.22600662509790054,2.570131015545428e-5,1.409395017931434e-5,positive
0.14445570341404723,0.41661916692123363,3.892498325784121e-5,3.8053697780527366e-5,positive
0.17508892027796072,0.3089917723180507,2.5793274767068688e-5,1.4258268503400682e-5,positive
0.14082517213584317,0.2278504194183979,2.0960996589684335e-5,8.687415258324097e-6,undefined
0.1565913565901099,0.18968650016661137,2.0561370162531884e-5,7.458435682908466e-6,undefined
0.1562364452897969,0.11920432836638692,1.9625064463277804e-5,5.983812883801043e-6,positive
0.17615713611674066,0.1683788680588224,2.363976148593655e-5,1.0282990230995872e-5,positive
0.13912154703305946,0.19949469519438018,2.0714446122430862e-5,8.650380745384858e-6,undefined
0.13819900475810226,0.24154172936871865,2.070190517678102e-5,9.4164662358883e-6,negative
0.14589168679499248,0.18272436435707373,1.988308597818409e-5,7.316498068246745e-6,negative
0.14015234268760518,0.28552565766724963,2.4254179584060027e-5,1.3136003060545406e-5,negative
0.1536510682344368,0.2901703974533883,2.2705062207975587e-5,1.0899882803679409e-5,undefined
0.15542377976854607,0.10758956813407669,1.843883560361681e-5,4.408966737409832e-6,undefined
0.17612838864516284,0.20491612592119413,2.279416954485873e-5,8.969560185144574e-6,undefined
0.1676925333452124,0.21302648602386326,2.510250132061697e-5,1.281288082828024e-5,positive
0.16662342853354428,0.1919076674285944,2.385631217257697e-5,1.1077781126791002e-5,positive
0.17887287378771063,0.25335458464767263,2.5559504591179546e-5,1.5180970377901544e-5,positive
0.15545674527386572,0.34426059254893615,2.4520204928099517e-5,1.3329167036733978e-5,undefined
0.13632111285316156,0.24996673786368878,3.8917116772459656e-5,3.748230894133518e-5,negative
0.14839805978933712,0.27065927993373734,3.916331783516054e-5,3.80799025835945e-5,positive
0.15078069676228484,0.25233313644954103,2.2594621001547773e-5,1.2313122776465371e-5,positive
0.12249115062535551,0.08946924380733011,1.667714200101581e-5,4.469217392397268e-6,undefined
0.1562007346583258,0.1414852280929648,2.002844193593769e-5,6.258463702739683e-6,undefined
0.11753726528894075,0.5341764154094479,3.9441974553625994e-5,3.9347630704198504e-5,negative
0.16189597897071098,0.8386572240272145,3.9358304504348994e-5,3.926936025005993e-5,positive
0.18226309512148012,0.26715350110453484,3.9289095190593685e-5,3.855354061647985e-5,positive
0.13690668237118508,0.12172982990514605,1.9841270044227663e-5,8.125620690867441e-6,undefined
0.17544202541254567,0.18821906590939713,2.3811740200925275e-5,1.1538321038234783e-5,negative
0.17714131739490263,0.2383006700605681,3.8930744289830073e-5,3.6648248697840586e-5,negative
0.1720827461226907,0.10001049911054014,1.9266858193892925e-5,4.457667949877092e-6,positive
0.17224079637752157,0.093585936240831,1.89682031816852e-5,4.258022211737027e-6,positive
0.13723740540869367,0.5829950657677824,2.5966820439324397e-5,2.0640619616380697e-5,undefined
0.12910396501299673,0.29308587179985174,3.8916724770141755e-5,3.809178200856327e-5,positive
0.1257218920513302,0.10085082448067313,1.9481801037737195e-5,7.62670470606162e-6,positive
0.24180823130127863,0.16083275703991404,2.6285053975758308e-5,1.3385865404269469e-5,positive
0.16483872869414246,0.41396879232454703,2.570551203976102e-5,1.947861151464792e-5,negative
0.2015661761562782,0.24600853644646398,2.5099698150826973e-5,1.29164406184716e-5,undefined
0.2512469845423119,0.2075740070105242,2.7552335617884012e-5,1.6169215374887775e-5,positive
0.2520409191698272,0.2346485077376239,2.9033366998876538e-5,1.8984080515640094e-5,positive
0.25117099608841476,0.22604721947025866,2.7656054010654606e-5,1.6278363496304538e-5,positive
0.20276928804324731,0.41677595012868973,3.918228962540761e-5,3.851069885945781e-5,positive
0.24642090420837787,0.30904502459428274,2.7743985868022047e-5,1.6452772509897008e-5,positive
0.19797438278733892,0.22787984406491024,2.298413261067084e-5,1.0080435705063605e-5,undefined
0.2203242182349029,0.18970486543381135,2.4382781947366322e-5,1.0130943172212438e-5,undefined
0.2198847438310075,0.11921454862418217,2.3429702783817465e-5,8.208654692776732e-6,positive
0.2475706839506723,0.1684020125703536,2.5690514164985337e-5,1.1925729085841703e-5,positive
0.19588508855054165,0.19953028483713425,2.2711872807082342e-5,1.0018512582781055e-5,undefined
0.19399506719237042,0.24151925423512902,3.816556611077504e-5,3.426461723371178e-5,negative
0.2051041277249278,0.18274934622764966,2.3692746115120583e-5,9.923156443553233e-6,negative
0.19672330646564756,0.2855655906400171,2.4448422304386427e-5,1.3318343844087602e-5,negative
0.2156090755880002,0.29012733003903785,3.855488032301052e-5,3.5357403774096576e-5,undefined
0.21813249238231608,0.10759637953781281,2.211104334598514e-5,6.091731429203688e-6,undefined
0.24742201400337152,0.20494138172980436,2.484298679992144e-5,1.0443529914840849e-5,undefined
0.2352705912038016,0.212973408653233,3.86515530653031e-5,3.552034798622651e-5,positive
0.23416130384647926,0.1919382868206373,2.5909229677329058e-5,1.2808575962805461e-5,positive
0.2512975646910241,0.2534068888632026,2.760739187870668e-5,1.730041070930574e-5,positive
0.2182266793200811,0.344301995258375,2.6580779989031703e-5,1.549080624356259e-5,undefined
0.1922062103697879,0.2500958085386506,2.5557436618477375e-5,1.691691985443518e-5,negative
0.20825591916152797,0.2707413564192517,3.895510414880007e-5,3.76227607454371e-5,positive
0.2117879645195051,0.2523763928438443,2.6462927637070245e-5,1.605634891740815e-5,positive
0.17201744649407302,0.08948114197414805,1.6777081831888273e-5,4.510704010292644e-6,undefined
0.2197836188327937,0.14149641200046734,2.3852840189737355e-5,8.582954937892664e-6,undefined
0.1657764025808003,0.5345929500681627,3.934605036688826e-5,3.923668873265965e-5,negative
0.22704963485853977,0.8391673613802387,3.952721295693649e-5,3.9461899826787375e-5,positive
0.2562042184860067,0.2672862023960897,3.020760013988637e-5,2.3985381144404458e-5,positive
0.1927246478676029,0.1217484984870758,2.3653869920856547e-5,1.09231357672814e-5,undefined
0.24645045015726,0.18815976128161924,3.871971202279318e-5,3.5718439824895904e-5,negative
0.24927517425771498,0.23843431745622634,2.744696459359668e-5,1.5961440090417947e-5,negative
0.24242857720776506,0.10001522986198152,2.297021135986496e-5,6.1784140179913796e-6,positive
0.24255309455026985,0.09359612370202874,2.2650309958201638e-5,5.874331984963715e-6,positive
0.19243246700921082,0.5830568453948821,2.801744832631078e-5,2.290554969494013e-5,undefined
0.18196044728382454,0.2932293262252518,2.720298095916567e-5,2.171875940881905e-5,positive
0.17679362073413182,0.10087114999417951,2.146012058588505e-5,9.000276409158581e-6,positive
0.33014100994699874,0.16084765868401774,2.983648707311131e-5,1.740701056171894e-5,positive
0.22393263133775276,0.41403334185324153,3.097290114844004e-5,2.571381053008185e-5,negative
0.27376255337659094,0.24602503941035667,2.881302009824854e-5,1.6868255929746232e-5,undefined
0.34119809533029094,0.20759375728354879,3.094885656515422e-5,2.047051312937625e-5,positive
0.34229308204202225,0.23467686653646408,3.21948781358458e-5,2.3379484853321298e-5,positive
0.341090476716722,0.22606934633446985,3.103770251355111e-5,2.0589305082671662e-5,positive
0.27556757256627706,0.4169246190346407,3.219376044823041e-5,2.7644272173024273e-5,positive
0.33558435891045013,0.30907361736013583,3.110006241345527e-5,2.0755338697337843e-5,positive
0.2694295086402053,0.22789275454784652,2.8619938060884455e-5,1.554897819304033e-5,undefined
0.29970178565858163,0.18971878855790336,2.8071764588192238e-5,1.3546708580436427e-5,undefined
0.29903681900991946,0.11922719041528745,2.720627216675828e-5,1.11877570603572e-5,positive
0.3368077242776404,0.1684156527368761,3.079306237050399e-5,1.7811190229784862e-5,positive
0.2670969402425789,0.19954371212434632,2.821388575281054e-5,1.5263818169707835e-5,undefined
0.2642293589430884,0.24159871720304452,2.8374408287518584e-5,1.647864164970709e-5,negative
0.27868561324326524,0.18275790893729923,2.7431465960717556e-5,1.3270824882479798e-5,negative
0.267356927650956,0.2855931685465876,2.9988168319644238e-5,1.9392330382765633e-5,negative
0.29334281507829973,0.2902270459076393,3.026569207132056e-5,1.8804629688690443e-5,undefined
0.29664303270818726,0.10760056557848142,2.5872656400742062e-5,8.429781955033422e-6,undefined
0.3363818351217368,0.20495158756979265,3.008331528173555e-5,1.5961139472422325e-5,undefined
0.3201102989884543,0.2130772553606349,3.060553531215239e-5,1.8955011296292647e-5,positive
0.3183446841355488,0.1919545373177495,2.952112784898365e-5,1.676792140757493e-5,positive
0.34160109480693307,0.25343405415728515,3.235076803287818e-5,2.3749291313223956e-5,positive
0.2962507636246152,0.34432383469415284,3.02688923009659e-5,1.9927003506317186e-5,undefined
0.2620824029281126,0.2501341296785068,3.070211212884808e-5,2.3186943586731453e-5,negative
0.28324549101554986,0.2708376999664265,3.089296248015597e-5,2.358720271337878e-5,positive
0.28750971326596053,0.2524039944986888,3.0000061505400806e-5,2.0289181608671293e-5,positive
0.2335864160012719,0.0894859855546043,1.6859866796908805e-5,4.545288656723346e-6,undefined
0.2988691339748421,0.1415025728238016,2.7604173003496042e-5,1.1667703292743535e-5,undefined
0.22642463563300205,0.534787436691736,3.2701853034196994e-5,3.172461473468389e-5,negative
0.3080823396134905,0.8394385871435313,3.437061195561542e-5,3.371263048854498e-5,positive
0.34786172143464034,0.2673236381721722,3.3172905792429316e-5,2.808575269344599e-5,positive
0.26218400226181937,0.12176124044787423,2.7394708061923928e-5,1.4441172727642185e-5,undefined
0.33615513008171816,0.1882601686240027,3.10186692514737e-5,1.9508184147585483e-5,negative
0.33889168997335484,0.2384534508200497,3.085094792813955e-5,2.0237843138948524e-5,negative
0.3293319318694355,0.10001835227505079,2.3121094375430415e-5,6.260554292033087e-6,positive
0.3297829265059358,0.0935982876536525,2.0978487192311824e-5,5.015309138679562e-6,positive
0.2608917746221491,0.5830943494635044,3.274116731296215e-5,2.8879299981055474e-5,undefined
0.24789721277591284,0.29328580523075826,3.063196936455077e-5,2.5851178192754145e-5,positive
0.24060600925887948,0.10087753824960197,2.5264443397324696e-5,1.2046079150757711e-5,positive
0.2990341507049432,0.1608415141410024,2.810031556223412e-5,1.542693438033173e-5,positive
0.20323418759077827,0.4140126022019235,2.928670580011252e-5,2.3625639108614286e-5,negative
0.2484320465924394,0.24601823706993364,2.698199242903637e-5,1.4907053145030475e-5,undefined
0.309653411315487,0.2075847867322232,2.941759182984199e-5,1.8287241414308984e-5,positive
0.31064967371408664,0.23466650191839067,3.0799451001082286e-5,2.1221437790582295e-5,positive
0.3095600137759165,0.2260602388959162,2.9515789867860077e-5,1.8404850732480578e-5,positive
0.2501666549997637,0.4168884026936056,3.0791012072208397e-5,2.5735645682255353e-5,positive
0.3042698248059459,0.30906458201956755,2.959367915143454e-5,1.858417034439467e-5,positive
0.24438235284862073,0.22788775467109088,2.68651840098532e-5,1.3512776710986023e-5,undefined
0.27182190549863416,0.18971517223203926,2.633120971078872e-5,1.169114168921238e-5,undefined
0.2712128711665261,0.1192259005332523,2.5347716292758705e-5,9.712257988249753e-6,positive
0.30511214476782716,0.16835517741836098,3.897619433480946e-5,3.6006475592843896e-5,positive
0.2421147297674884,0.1995381160742367,2.648608865680347e-5,1.330686981662221e-5,undefined
0.23969051449714934,0.24159183745748763,2.6500284348343517e-5,1.4526619307788e-5,negative
0.2528647167241334,0.1827533521709141,2.5649624631353027e-5,1.1444279341056812e-5,negative
0.2426146104902365,0.28558076698271617,2.8195201281323806e-5,1.7259849708050942e-5,negative
0.2661861048572445,0.29021895361393807,2.8494715113295486e-5,1.6683085668707187e-5,undefined
0.2690486228535988,0.10759646820747508,2.403473860675388e-5,7.100407192213582e-6,undefined
0.3052289261556778,0.20494784058031634,2.8489127163767832e-5,1.391658797218402e-5,undefined
0.2904446823408958,0.21306978392102086,2.8912272648177097e-5,1.6880050657839646e-5,positive
0.28878583339795366,0.19194761543578354,2.775395138252452e-5,1.4816860470553454e-5,positive
0.30997839048430526,0.2534184801046702,3.0975851484535645e-5,2.1604630093518474e-5,positive
0.2689034791465302,0.34431576411873066,2.8618307996092124e-5,1.7696091611473827e-5,undefined
0.23743128298802624,0.25006069588317514,3.933325567306512e-5,3.8428099459164326e-5,negative
0.2570668064559721,0.2708228453756971,2.920439488758618e-5,2.1444724688728914e-5,positive
0.2609605202847705,0.25239497060508487,2.838006368184618e-5,1.8130968835955205e-5,positive
0.2120180911899619,0.08948536730459186,1.683431977939911e-5,4.534586986277813e-6,undefined
0.2710819762026604,0.14149675206121204,2.5759528779222145e-5,1.0140731737367907e-5,undefined
0.20503189800194305,0.5347032302725578,3.960600355136946e-5,3.9539715475329714e-5,negative
0.27978920879557884,0.8393421873166357,3.310770801748345e-5,3.232900548029043e-5,positive
0.31573775044648456,0.267310059120387,3.1888450631000414e-5,2.6186237842068804e-5,positive
0.23777269697308367,0.12176049476000608,2.5609155352218484e-5,1.2537443923613117e-5,undefined
0.3048264543158573,0.1882551692013039,2.936569743099318e-5,1.7411795662565537e-5,negative
0.30744595213880893,0.2384462832397875,2.931520329371051e-5,1.8064411273014344e-5,negative
0.29925448669332594,0.10001877340478983,2.489360302049912e-5,7.2113082653460465e-6,positive
0.2993413777770372,0.09359811516628178,2.0933669813095553e-5,4.995645570545142e-6,positive
0.23694510733589186,0.5830816515264283,3.136419910781356e-5,2.7019059667778256e-5,undefined
0.22472947884512257,0.2932666089930444,2.90773372341139e-5,2.3867747078034246e-5,positive
0.21816955507883332,0.1008765033656979,2.3392817528072507e-5,1.035904951795872e-5,positive
0.18986692547355538,0.16079541246003393,2.4306446396672608e-5,1.1654918945609037e-5,positive
0.12973616346653266,0.4137307761257749,3.8948566380115e-5,3.804347742154301e-5,negative
0.15862481167774223,0.24587201748067472,3.856324635459907e-5,3.536600471045614e-5,undefined
0.19790384992136947,0.20740755802215563,3.934296109959648e-5,3.7911489714528386e-5,positive
0.19834276920442773,0.23449038964704014,3.915390574311295e-5,3.759432971134697e-5,positive
0.19758864359573722,0.2258918065982163,3.8981144833686695e-5,3.682219002833159e-5,positive
0.159838424183526,0.4165029373583474,3.916579274111881e-5,3.847992914553726e-5,positive
0.19387430264209454,0.3089564512481586,2.757671252460056e-5,1.6260384949648763e-5,positive
0.15580765775117994,0.2278392663201792,2.1014187052310435e-5,8.72363146316682e-6,undefined
0.17338399375907035,0.18967686955630317,2.241411181703759e-5,8.583910534501461e-6,undefined
0.17304856942146202,0.11920644747953232,2.1489223541240264e-5,7.066379213266199e-6,positive
0.19487583476159887,0.16836910645006758,2.3702885455286974e-5,1.0332789311969265e-5,positive
0.15398185587773033,0.1994797133403976,2.0765578830058058e-5,8.684843465769585e-6,undefined
0.15279931831007115,0.24144000711453692,3.879330925015784e-5,3.60900739834135e-5,negative
0.16151089512757832,0.1827127021419262,2.171894872908181e-5,8.413765453742031e-6,negative
0.15494022700379484,0.28549557032707856,2.2456439700765107e-5,1.1470121601164507e-5,negative
0.16996621344025684,0.2901557775711638,2.2767463451346928e-5,1.0949795633359446e-5,undefined
0.17191457115221048,0.10758816371443142,1.8483644260515422e-5,4.4268081683796144e-6,undefined
0.19482962933255582,0.204907678208819,2.2859024808089853e-5,9.01571306987137e-6,undefined
0.18535720034892683,0.21292462607647578,3.911664634718632e-5,3.6980658126557004e-5,positive
0.1840524195312328,0.1917991670506971,3.868032660153266e-5,3.531871925079462e-5,positive
0.1978734654398538,0.2532291271646221,3.93216358316803e-5,3.808334791097624e-5,positive
0.17193986132596872,0.3442393932123813,2.4584671672776968e-5,1.3389013612887854e-5,undefined
0.15089118814417635,0.24993606369028823,3.8628582326919646e-5,3.684835539350043e-5,negative
0.16400864179507108,0.27062559276308906,3.893586112980282e-5,3.757960897410067e-5,positive
0.16656247819144906,0.2522276453365844,3.882670594169558e-5,3.673080954886658e-5,positive
0.13550904607418368,0.0894687641648394,1.6707335272770905e-5,4.4815768624072676e-6,undefined
0.17279988816446343,0.14148100652828388,2.0080887143487565e-5,6.286026689728945e-6,undefined
0.13014443772888884,0.5339130560772116,3.9456298931209955e-5,3.936392981435413e-5,negative
0.17902022415673602,0.8382524282515011,3.949063735798548e-5,3.941940630865605e-5,positive
0.20171459158685995,0.26710700221600964,3.9552021891962964e-5,3.90819759416069e-5,positive
0.15165036542729116,0.12171864364077828,2.1683760740653698e-5,9.317627303524339e-6,undefined
0.1942891476490634,0.18820584015216393,2.5676926810550756e-5,1.3332846659550856e-5,negative
0.19622535116227235,0.23837460183833512,2.5549275613393963e-5,1.3865599278538845e-5,negative
0.1906557158018296,0.10000120636613137,2.1032190921253993e-5,5.1571677985989715e-6,positive
0.19133815195541334,0.09358219655160585,2.071769713509513e-5,4.901776743220652e-6,positive
0.1517483124663318,0.5829542825527638,2.602460426508575e-5,2.070320885602943e-5,undefined
0.1428921860473338,0.293024173140194,3.8922410806620835e-5,3.810108928108054e-5,positive
0.13908009518748812,0.10084535227474295,1.9518647696834305e-5,7.649084540179626e-6,positive
0.3119407694369596,0.16084708933069847,2.9802568585721373e-5,1.7363018878547996e-5,positive
0.21171188104248967,0.41402959645579984,2.930707655892498e-5,2.36511547723565e-5,negative
0.2589234379768381,0.24602244547296012,2.8765103402429543e-5,1.681029133269429e-5,undefined
0.32271684974895076,0.20759358756219332,3.0914166406656544e-5,2.0421021165837305e-5,positive
0.32359684069702227,0.23467340557274113,3.082622578477387e-5,2.1259374175557594e-5,positive
0.3226088836207802,0.22606613979876475,3.1002729589058526e-5,2.053907943670516e-5,positive
0.26057957329833115,0.4169147579853558,3.081595984168766e-5,2.5768574300955724e-5,positive
0.31719629428768376,0.3090702110658483,3.1063461338404765e-5,2.070255942142956e-5,positive
0.2546138806810195,0.22788724287446052,2.6908095348516877e-5,1.3556451286719137e-5,undefined
0.2833841055596298,0.1897149287593698,2.8041046210407098e-5,1.351372199060868e-5,undefined
0.28252709017104183,0.11922654245623629,2.536843520037016e-5,9.728854233666448e-6,positive
0.31831265050149343,0.1684133834003405,2.9287651173123418e-5,1.571195292316847e-5,positive
0.25231548890066013,0.19954092200102502,2.6507996283043357e-5,1.332875558380121e-5,undefined
0.24985482647735227,0.2415991401763025,2.8316333135553843e-5,1.6410480896968115e-5,negative
0.2635733181810307,0.18275869447137988,2.740301317536007e-5,1.3241426891412637e-5,negative
0.2527343006121335,0.28559054969527997,2.8240365365503694e-5,1.7313413119644266e-5,negative
0.277296352224486,0.2902239075848966,2.8541904600592075e-5,1.67393653570574e-5,undefined
0.28025991688360447,0.10759666521382866,2.405397315947828e-5,7.11213093720761e-6,undefined
0.31796049566945367,0.2049481942030356,2.851449538576709e-5,1.3944767629356654e-5,undefined
0.3025650532764418,0.2130742013269034,2.8938066747541762e-5,1.691169997032097e-5,positive
0.30104417959469487,0.19195200267057616,2.948774401758132e-5,1.6725876351712264e-5,positive
0.3229208256691281,0.25342825927956486,3.100275254928475e-5,2.1643177138004158e-5,positive
0.28019953079004956,0.34432421749178155,3.020525741430234e-5,1.984078184538091e-5,undefined
0.24758324943457502,0.25012783915888054,2.918523107296906e-5,2.111228329760498e-5,negative
0.26789977183900665,0.2708316801810838,3.08618356829712e-5,2.3544272793460567e-5,positive
0.2719492138699555,0.2524003448119806,2.9968374737081804e-5,2.024690257202357e-5,positive
0.22088141973220482,0.08948575300129649,1.6845203296561526e-5,4.539147562034025e-6,undefined
0.2824011199056161,0.14149815286531092,2.5780785418729505e-5,1.0158459068630762e-5,undefined
0.21363796577028932,0.5347520602133373,3.960996892926385e-5,3.9544397661024335e-5,negative
0.29141071838352445,0.8394113661877998,3.31913181777711e-5,3.2420653700219746e-5,positive
0.32900808544119264,0.2673190469504033,3.3139726045646777e-5,2.8036744468328165e-5,positive
0.24770130012796465,0.12176017502621031,2.562843975474841e-5,1.2555579850199409e-5,undefined
0.31761615670182475,0.18825879568725368,2.9391670276242364e-5,1.7444700736503407e-5,negative
0.3204523127567538,0.23845050750745375,3.0815439355185624e-5,2.018755884223622e-5,negative
0.3113937196768882,0.10001618502783877,2.309377452943531e-5,6.245593423766467e-6,positive
0.3118513401078418,0.09359817352935394,2.0952637459963367e-5,5.003958205781799e-6,positive
0.24677108102029605,0.5830906351305745,3.139103056712409e-5,2.70539586647639e-5,undefined
0.23430259656250313,0.29328029169285774,3.060426500257327e-5,2.5815740458409932e-5,positive
0.2275381456144205,0.10087850867780788,2.5243063350281454e-5,1.2026598978783585e-5,positive
0.27077509949694145,0.16083744025935315,2.8038589713064708e-5,1.5356835633640632e-5,positive
0.18382221631262516,0.41394401454133767,3.919721027103692e-5,3.849716581983775e-5,negative
0.2251753116903394,0.24601620436081922,2.5164073857919412e-5,1.2976975456760905e-5,undefined
0.2808381568075994,0.2075807625826099,2.935314507075703e-5,1.8205049268122526e-5,positive
0.2815712429741477,0.23466047765105363,2.9106628701361217e-5,1.907649017809598e-5,positive
0.28074571698330836,0.22605628676018877,2.9450723820779627e-5,1.8321286453966036e-5,positive
0.2268249549353239,0.41686712640471013,2.9079473286511874e-5,2.3642589574215723e-5,positive
0.27567257578795884,0.3090577391931408,2.9525439367285114e-5,1.849599864424661e-5,positive
0.22140415842725686,0.22788476305681896,2.4934385594616494e-5,1.1791946668237308e-5,undefined
0.24641314815431528,0.18971392379940089,2.6274463994479417e-5,1.163902567511422e-5,undefined
0.2456734712620719,0.11922154800440127,2.3487264743179843e-5,8.247481457405105e-6,positive
0.27684459655280497,0.16841121398627834,2.748345798275928e-5,1.3801171728204779e-5,positive
0.21920603539685166,0.1995329142026009,2.460308066775206e-5,1.1660021566889405e-5,undefined
0.21743370220679822,0.24158917402479088,2.8229730694096616e-5,1.6309176591528746e-5,negative
0.2291410612418923,0.18275383388999705,2.375190180327678e-5,9.969376124343922e-6,negative
0.2198996188684535,0.28557423351450156,2.638786919935569e-5,1.5139844902332143e-5,negative
0.24125627038367445,0.29021486496251486,2.6707922957903488e-5,1.4576220940791201e-5,undefined
0.2436917559917483,0.10759413068154275,2.2162191362965806e-5,6.118826743237876e-6,undefined
0.2766121124956493,0.20494506163471415,2.6672474010764747e-5,1.2176815265929483e-5,undefined
0.263211246360513,0.2130656056048138,2.721136552939129e-5,1.4814646101674394e-5,positive
0.2618345496750649,0.19194708455529777,2.7693185524920575e-5,1.474998348041807e-5,positive
0.28092965230989686,0.2534129711585331,2.9300054040699528e-5,1.9453959049862236e-5,positive
0.24387632203720663,0.3443115580217726,2.849771575869759e-5,1.7550428698674554e-5,undefined
0.21508649208574607,0.2501093600009867,2.7365817455070858e-5,1.900116828567747e-5,negative
0.23251476381834418,0.2707633643107927,3.9191295383568636e-5,3.814293173634436e-5,positive
0.23669544230738349,0.25239013062727045,2.8321704631268032e-5,1.8060724891394618e-5,positive
0.1922214824962719,0.08948454493821767,1.6807860811505874e-5,4.523533651080373e-6,undefined
0.2455792258700004,0.14149476463443086,2.3912126176454797e-5,8.624603382668568e-6,undefined
0.18555196401198554,0.5346638220873672,3.9505654964060196e-5,3.942262172315863e-5,negative
0.25378250081774534,0.8392862754330335,3.1467173508023096e-5,3.056290584273257e-5,positive
0.2856441976320661,0.26725301311539185,3.931716982203522e-5,3.861010416094428e-5,positive
0.21534534028061808,0.12175369184714341,2.370555110099237e-5,1.0966089692286956e-5,undefined
0.27609450818729164,0.18825124661413462,2.7704398486684853e-5,1.5324492863698053e-5,negative
0.2787245233099637,0.23843785521549565,2.9249419202217326e-5,1.7981225994503896e-5,negative
0.27093895845008825,0.10001253360045992,2.3025568940945677e-5,6.2084120865204015e-6,positive
0.2713982972807638,0.09359775942984933,2.0887880489261384e-5,4.975622353641025e-6,positive
0.21492725905318522,0.583071214486892,2.9698732841503836e-5,2.496811646756576e-5,undefined
0.2035931820681821,0.29325163739050825,2.902686797387617e-5,2.3806197478115155e-5,positive
0.19781774322021256,0.1008687260956139,2.335461904102841e-5,1.0328823290513596e-5,positive
0.3093045393156859,0.16084594553638834,2.9797455159477402e-5,1.7356352650787947e-5,positive
0.20995002537887844,0.4140202987281535,2.930278075878839e-5,2.364570706204633e-5,negative
0.25663224719711375,0.24602390111465092,2.700043206368597e-5,1.4926844742434114e-5,undefined
0.32003678043589234,0.20759173747744789,3.090893920047486e-5,2.0413512764128117e-5,positive
0.32090650914798013,0.2346715630943057,3.082067103460517e-5,2.125145677268033e-5,positive
0.319928821801007,0.22606369032914542,3.099745814207909e-5,2.0531455413213167e-5,positive
0.2584156399389473,0.41690326916080983,3.08106697206794e-5,2.576149438199957e-5,positive
0.31453176426169616,0.3090678852747585,3.10579441359605e-5,2.069454755845458e-5,positive
0.25248756214036894,0.22789028136961895,2.689931614491328e-5,1.3547487938213911e-5,undefined
0.2810186390879932,0.18971440611482915,2.803641508837276e-5,1.3508735724603155e-5,undefined
0.28017604990146594,0.11922466918122636,2.536418190666616e-5,9.725435468612134e-6,positive
0.3156614151059695,0.1684126650804952,2.9282538750343537e-5,1.5705691714818876e-5,positive
0.25019510884843726,0.1995398530359944,2.6503475152267646e-5,1.332421231570019e-5,undefined
0.2477708433614518,0.24159325530114606,2.8307543816092366e-5,1.64001420527077e-5,negative
0.2613819970430191,0.18275365885723535,2.7398712433067067e-5,1.3236965726597317e-5,negative
0.2506314324852562,0.2855857165963748,2.823108415029053e-5,1.730236197591588e-5,negative
0.27498763108207785,0.29022250890074586,2.853222318936928e-5,1.6727779717090695e-5,undefined
0.27793035870594107,0.10759655373382777,2.4050033903229306e-5,7.109724428546959e-6,undefined
0.3153149451933428,0.20494585678909452,2.8509286126654824e-5,1.3938961365806077e-5,undefined
0.3000464338023445,0.21307278570878718,2.8932733669168888e-5,1.690512064588805e-5,positive
0.2985358917149088,0.19195327065420847,2.9482701420740365e-5,1.6719489263921797e-5,positive
0.32023131830720497,0.25342613050110113,3.0997169839879155e-5,2.1635127866146513e-5,positive
0.2778718887438879,0.3443183611642579,3.019568737654608e-5,1.982780596311726e-5,undefined
0.24550018083787714,0.2501273689136437,2.9180508808954484e-5,2.1106196683875134e-5,negative
0.26567424764894243,0.27082885047383626,3.08570898801017e-5,2.353763319237251e-5,positive
0.2696924993664789,0.25239707435352965,2.9963559898419915e-5,2.024041353896644e-5,positive
0.21903953608722346,0.08948558253649028,1.6842974685655922e-5,4.5382093905933826e-6,undefined
0.28004898819262575,0.14149785588785677,2.5776428941319088e-5,1.0154814469581034e-5,undefined
0.21204269622459943,0.5347501993723828,3.1333431335549424e-5,3.021874067991265e-5,negative
0.2889954913326719,0.8393863760989174,3.3174132552551574e-5,3.2401692960636874e-5,positive
0.32562450555198297,0.26728218776039353,3.932655032566761e-5,3.8628938026663306e-5,positive
0.24563808449120342,0.12175957300931464,2.562445821051979e-5,1.2551812744252584e-5,undefined
0.31495801321718375,0.18825696457942748,2.9386314596315246e-5,1.743788613135783e-5,negative
0.317779124192641,0.23844850624225222,3.0810099605721754e-5,2.0179954005948567e-5,negative
0.30879342045019853,0.10001611204476092,2.3089673673089002e-5,6.243348569879806e-6,positive
0.30925170446456995,0.09359811495222352,2.0948758094868005e-5,5.002254988876076e-6,positive
0.2447295042807612,0.583085567392611,3.1383143916787403e-5,2.704368462355947e-5,undefined
0.23233228978924278,0.2932722264997094,3.059993636274508e-5,2.581006187478215e-5,positive
0.22564342230451523,0.10087797169147876,2.5239804734689496e-5,1.2023601913840432e-5,positive
0.26971801056530564,0.16077687107946115,3.875234795489725e-5,3.564770469160484e-5,positive
0.18381610582870606,0.41399534030140545,2.7605281265602518e-5,2.1551562176038656e-5,negative
0.22466591410570916,0.246016250940965,2.5162764471740205e-5,1.2975747940523108e-5,undefined
0.28020323202899,0.207580905431973,2.93516835048394e-5,1.820319680641838e-5,positive
0.2809340689243881,0.23466051198821047,2.9105118956925548e-5,1.9074592907581112e-5,positive
0.28011083264159914,0.2260563437759922,2.9449252530250148e-5,1.831940884835302e-5,positive
0.2263124125112381,0.4168674168908699,2.907812608257266e-5,2.364095954529098e-5,positive
0.2750431190415321,0.3090578222228834,2.9523890696084286e-5,1.84940104692413e-5,positive
0.22090115819172515,0.2278847743988053,2.4931937194874375e-5,1.1789769959076076e-5,undefined
0.24567710906669166,0.18971494879295725,2.4446216790352813e-5,1.0181908096296398e-5,undefined
0.24511696834932675,0.1192215594060277,2.3486096809466315e-5,8.246694005279508e-6,positive
0.27621703780492846,0.16841121577495197,2.7482045662163943e-5,1.3799683835993675e-5,positive
0.2188535800907174,0.19953616968176308,2.6432792357733147e-5,1.3253969795732968e-5,undefined
0.21681291313077086,0.24158414708628517,2.644578204517405e-5,1.4470038364008299e-5,negative
0.22862239870185685,0.18275385487216395,2.375070095707188e-5,9.968439012501465e-6,negative
0.2194016879922568,0.2855742996976845,2.6385228045563616e-5,1.513708053011327e-5,negative
0.24070964863898903,0.29021486626697995,2.6705151888457384e-5,1.4573330811656481e-5,undefined
0.24314025557090674,0.10759413642285433,2.2161154437631767e-5,6.118276948496105e-6,undefined
0.2759856840859969,0.20494507218736352,2.667102998451118e-5,1.2175433447561154e-5,undefined
0.2626149574127571,0.21306565385227252,2.720989086461279e-5,1.481306795550395e-5,positive
0.26124087468745744,0.1919430778714353,2.769179262164483e-5,1.474845938117819e-5,positive
0.28029295131779464,0.25341737460250213,2.9298537545721466e-5,1.9452029604550568e-5,positive
0.2433248725919368,0.34431161806242383,2.8494937221738885e-5,1.7547091416764434e-5,undefined
0.21459474793025016,0.2501094578206322,2.7364584575917893e-5,1.8999749466666017e-5,negative
0.23261514838423136,0.2708175910056149,2.9146594856964402e-5,2.137163343796067e-5,positive
0.23616074421424837,0.2523853024415837,2.8320375838802083e-5,1.8059136702395685e-5,positive
0.1917854271135543,0.08948452403558203,1.6807243463706827e-5,4.523276930181507e-6,undefined
0.2450225300990607,0.14149477728657933,2.391092324280211e-5,8.623758304618519e-6,undefined
0.18511871756600598,0.5346644992602047,3.950536858144594e-5,3.942228884225248e-5,negative
0.253210210752157,0.8392872300282883,3.1462188936745573e-5,3.0557566607716406e-5,positive
0.2852126249417377,0.26724240688092593,3.944176301591459e-5,3.886081329031733e-5,positive
0.2148571695147684,0.12175365030034291,2.3704504310319313e-5,1.096522313841983e-5,undefined
0.2754660458515935,0.18825127959108687,2.7702896073733243e-5,1.5322827432796135e-5,negative
0.27809192447893416,0.23843790710744694,2.9247921338622026e-5,1.7979342879724544e-5,negative
0.27032355166264754,0.10001253771710103,2.3024446548192868e-5,6.2078028685435486e-6,positive
0.27078277479388735,0.0935977629786022,2.0886811522365356e-5,4.975156266158194e-6,positive
0.2144431098464023,0.5830713113853394,2.969737645574438e-5,2.4966456607907285e-5,undefined
0.20281740539408805,0.29319981154063546,3.932687507204094e-5,3.880524548346787e-5,positive
0.19736942084011658,0.10087463355147727,2.335374130705415e-5,1.0328133177742438e-5,positive
0.30917724426952164,0.16084626141578412,2.9797239492183226e-5,1.7356094041970027e-5,positive
0.20986512771306226,0.4140225018118019,2.930267163038011e-5,2.364562460714018e-5,negative
0.2565283939456716,0.24602449897854828,2.7000238115633784e-5,1.4926657001347775e-5,undefined
0.31990735781122137,0.20759224320488162,3.090872160869405e-5,2.041323024353343e-5,positive
0.32077660517093914,0.23467220943365444,3.0820447846795794e-5,2.1251175063618035e-5,positive
0.31979940128977047,0.22606446848076253,3.099723951032793e-5,2.0531170563106516e-5,positive
0.25831140292601823,0.4169060046579789,3.081054704972515e-5,2.5761411324582867e-5,positive
0.31440311017235134,0.30906866119911436,3.1057717839299034e-5,2.0694251795219585e-5,positive
0.25238487957523525,0.227890785725421,2.6898910214440155e-5,1.3547088412572715e-5,undefined
0.28108766615929753,0.18971266818372093,2.9722565250266665e-5,1.5308713343451897e-5,undefined
0.2800624950226739,0.11922479012258831,2.5363994016982828e-5,9.72529293951232e-6,positive
0.31553336919263736,0.16841674549886262,2.9282316307386308e-5,1.5705438212939473e-5,positive
0.2500927355401779,0.19954024713795232,2.6503292362763597e-5,1.3324049617417794e-5,undefined
0.24767022764319116,0.24159423278937783,2.8307154200779287e-5,1.6399707858473002e-5,negative
0.26127616510500284,0.182753890552167,2.739852455089101e-5,1.3236783926494282e-5,negative
0.25052991252205414,0.2855865636874004,2.823067493468791e-5,1.730190215920684e-5,negative
0.2748761451434242,0.2902230307015238,2.8531782866230218e-5,1.672727408813835e-5,undefined
0.27781783010913713,0.10759661853964395,2.404984886908165e-5,7.109615159598787e-6,undefined
0.3151871631945525,0.2049498569685275,2.8509054147984352e-5,1.3938715982334557e-5,undefined
0.2999248143064161,0.21307326687871186,2.8932515373570023e-5,1.690487831225844e-5,positive
0.29841476336206535,0.19195366454793109,2.9482489087797104e-5,1.671924348029618e-5,positive
0.32022831540488944,0.25342841415459527,3.23122826168039e-5,2.368931220896621e-5,positive
0.2777594881462875,0.34431920977715297,3.019525216147389e-5,1.9827237545791785e-5,undefined
0.24539969981112514,0.25012852520167217,2.9180355571701015e-5,2.1106045246201325e-5,negative
0.2651800640645633,0.2707753687246135,3.9200083084037735e-5,3.816267557728149e-5,positive
0.26958356118020893,0.2523980872844591,2.996337647792518e-5,2.024020060001786e-5,positive
0.21895057763842318,0.08948566201419544,1.6842878251929205e-5,4.538172440513189e-6,undefined
0.27993537861602635,0.14149798760170162,2.5776229970494862e-5,1.0154656011058953e-5,undefined
0.21195575708096218,0.5347559793530046,3.1332980411634605e-5,3.0218354403305776e-5,negative
0.2888794099874963,0.8393946035841853,3.317328287269558e-5,3.240086036118042e-5,positive
0.3261420347786559,0.2673166368563996,3.313456037113628e-5,2.8029063312700784e-5,positive
0.24553846410048175,0.12175979695183875,2.5624300223387635e-5,1.2551681541936259e-5,undefined
0.31482964535144276,0.18825751855859713,2.9386084051081836e-5,1.743761422195874e-5,negative
0.31765003376977063,0.23844653311302638,3.0809875183517145e-5,2.017966132868723e-5,negative
0.30866781648206376,0.10001616282829247,2.3089483869332502e-5,6.243247415123046e-6,positive
0.30912613001885425,0.0935981601068861,2.0948576888243064e-5,5.002177529946542e-6,positive
0.24463096689134928,0.5830869301995133,3.138293913295604e-5,2.7043439165626277e-5,undefined
0.23223737847139447,0.2932740720706226,3.059983793053762e-5,2.5809995621359204e-5,positive
0.22555193632647552,0.10087819787482558,2.5239674243985815e-5,1.202349784547324e-5,positive
0.3310833352832292,0.16084780961967823,2.983819629083552e-5,1.7409227007246682e-5,positive
0.2245611962770559,0.4140364263258489,3.0975750160061464e-5,2.5717553501406212e-5,negative
0.2745301071065158,0.24602503117395302,2.8815952938761e-5,1.68718061128894e-5,undefined
0.34215394644017,0.2075938610355852,3.0950605326306793e-5,2.0473006770048666e-5,positive
0.3432528880503417,0.23467686853477698,3.219655577783016e-5,2.338207360787615e-5,positive
0.34204636601292915,0.226069470658687,3.103946886134867e-5,2.0591840343095657e-5,positive
0.2763391857010453,0.41692464336208057,3.219529091932487e-5,2.764634790913461e-5,positive
0.33653605839994616,0.30907360615640256,3.110191109428285e-5,2.0758003219091226e-5,positive
0.27018864839997586,0.22789278689956172,2.862266508012736e-5,1.5552166746392975e-5,undefined
0.30054600347680926,0.18971878097131073,2.8073302338319433e-5,1.3548360262563962e-5,undefined
0.2998760183463217,0.11923020334941953,2.7207669796861758e-5,1.1189050769101643e-5,positive
0.33775392815406624,0.1684187004591774,3.0794630179579855e-5,1.781337624730082e-5,positive
0.267854568264152,0.19954711678447878,2.8215293299832782e-5,1.5265419835629454e-5,undefined
0.2649729983770372,0.2415987090391334,2.837731542363203e-5,1.6482057364696437e-5,negative
0.27946727815556327,0.1827579922540839,2.7432888720214687e-5,1.3272294609330452e-5,negative
0.26810726984466826,0.2855929940456393,2.999105328020507e-5,1.939617044814266e-5,negative
0.2941666719399265,0.2902270362248055,3.0268700676381484e-5,1.8808700056289095e-5,undefined
0.29747449773510026,0.10759803171241777,2.5873954936130294e-5,8.430736449654447e-6,undefined
0.33732586055873204,0.2049516077651134,3.0084931114281745e-5,1.596322078067449e-5,undefined
0.3210090832831095,0.2130772485741722,3.060719533694308e-5,1.895731418935635e-5,positive
0.31923964618410744,0.19195472602597483,2.9522806683410222e-5,1.677003516139459e-5,positive
0.34256080649799436,0.2534315200431485,3.235244808595161e-5,2.3751905581966444e-5,positive
0.297080946439758,0.34432398475061887,3.027208738891053e-5,1.9931339376704283e-5,undefined
0.2628266869394572,0.25013415763181057,3.070353378960574e-5,2.318888206263951e-5,negative
0.2840391721757447,0.2708376920758313,3.089453348276388e-5,2.3589364079940228e-5,positive
0.2883144596581801,0.25240398533708586,3.000165556346917e-5,2.0291305474936853e-5,positive
0.23424368469624623,0.08948598179383138,1.6860595896493904e-5,4.545593591455851e-6,undefined
0.2997087457046771,0.14150031475970934,2.7605596095643167e-5,1.1669077550851403e-5,undefined
0.22707316049669998,0.534787413952148,3.270538940110463e-5,3.172850197214357e-5,negative
0.3089429567087548,0.8394385679260884,3.437576885760555e-5,3.3718276626003e-5,positive
0.34883686354594823,0.2673236862297569,3.317459708054536e-5,2.8088245728058713e-5,positive
0.26292055448735446,0.12176364369864145,2.739596350243714e-5,1.4442518994212925e-5,undefined
0.33710437055476206,0.18826016230919773,3.102034448818214e-5,1.951058795614359e-5,negative
0.33984563777704446,0.23845346836038606,3.085273931798905e-5,2.024037926194645e-5,negative
0.33026000912724496,0.10001834800604922,2.3122464255324823e-5,6.261304974040162e-6,positive
0.33071056343719846,0.0935982835653402,2.0979783889210592e-5,5.0158787097451724e-6,positive
0.2616196110303908,0.5830943436255689,3.274415909903502e-5,2.88833350547191e-5,undefined
0.24860082246565973,0.29328579668379645,3.063336376797039e-5,2.585295266886566e-5,positive
0.24101394881959817,0.10087829969287494,2.343154231350292e-5,1.0389809883960595e-5,positive
0.3067231508567276,0.16084442345546382,2.979256166949711e-5,1.7350081396124624e-5,positive
0.208225366272768,0.4140268843074466,2.9299071586465283e-5,2.3641295179346433e-5,negative
0.25452563973573694,0.24602232322070577,2.6995871015007294e-5,1.4922020437520061e-5,undefined
0.3174117542069982,0.20759021439030184,3.090397024315097e-5,2.040652493087443e-5,positive
0.31827154815632414,0.23467608591959166,3.081542511106855e-5,2.1244164254011222e-5,positive
0.3173038257426599,0.22606900950420045,3.0992452158167445e-5,2.0524372140994366e-5,positive
0.25629754039195224,0.4169118719515899,3.0806169303585565e-5,2.5755903615704295e-5,positive
0.31192248441608944,0.30907027216979005,3.1052705840790425e-5,2.0687106187386124e-5,positive
0.2504050573448849,0.22788688551130584,2.6890738676134242e-5,1.3538800824612439e-5,undefined
0.2785194262920237,0.1897193889581042,2.634533864485247e-5,1.1704194879069818e-5,undefined
0.2778732357236475,0.11922491428928755,2.5360047126411824e-5,9.722146161505116e-6,positive
0.3130646516149733,0.16841730383092965,2.9277605596166253e-5,1.5699738814777315e-5,positive
0.24811873105157323,0.19954523377888791,2.6499182710810066e-5,1.331999931822543e-5,undefined
0.24559081135261723,0.24159919536278612,2.6518887546047988e-5,1.4546072412086465e-5,negative
0.25907034908424026,0.18275845585843875,2.5662642459158023e-5,1.1455905011388743e-5,negative
0.24857194476842254,0.28558791266900996,2.8222115788742657e-5,1.7291822049442732e-5,negative
0.27272641521419644,0.29022632307037843,2.8522801295831522e-5,1.6716610482663987e-5,undefined
0.27564849450748097,0.10760041592199326,2.404616666072596e-5,7.107372248145006e-6,undefined
0.3127236566786535,0.2049501941551873,2.85042241442215e-5,1.3933377071441876e-5,undefined
0.29757965370906525,0.21307411402032403,2.8927665230777516e-5,1.689900078832951e-5,positive
0.29624950559655416,0.19195375829676128,3.0936524187716674e-5,1.879387958045502e-5,positive
0.3175972661438835,0.25343078948680553,3.099190945064964e-5,2.16277402982941e-5,positive
0.27517933767980973,0.3442771345353749,3.889730622485143e-5,3.67039007579119e-5,undefined
0.24346085515856955,0.2501270447517141,2.917623272586561e-5,2.1100922537927945e-5,negative
0.26297450897106456,0.27077722077447375,3.9199561203402e-5,3.8161523948344654e-5,positive
0.26735258990382454,0.2524044201315994,2.8395085455126206e-5,1.814927151632099e-5,positive
0.2172354999300068,0.08948571691360041,1.684080786375286e-5,4.537310012332246e-6,undefined
0.2777451290104003,0.14150197265562348,2.5772177633139802e-5,1.0151288938425318e-5,undefined
0.21026919458342597,0.5347687971830971,3.1321523513353484e-5,3.0206116986793952e-5,negative
0.28663277752646255,0.839412887370199,3.3157127693192894e-5,3.2383500277793894e-5,positive
0.32359642136290573,0.26732105396054195,3.3130137509454835e-5,2.8022637857248e-5,positive
0.24361738255757495,0.12176015341018505,2.5620684274780605e-5,1.2548327775330963e-5,undefined
0.3123547244002578,0.18825812808050835,2.938116690595444e-5,1.7431438614568957e-5,negative
0.31516100355492027,0.23845011326651255,3.080500197992973e-5,2.0172826468648438e-5,negative
0.3058679935273811,0.10001890892955148,2.4905809892573243e-5,7.218986543287644e-6,positive
0.30670539565332255,0.09359812963405945,2.094493494273053e-5,5.000580124208514e-6,positive
0.24273006480248105,0.5830891270851425,3.1378430381826826e-5,2.7037632094503965e-5,undefined
0.23040404242068885,0.29327778894555984,3.059625802727747e-5,2.580556787926425e-5,positive
0.22378772619691617,0.10087305195141198,2.5236720081905385e-5,1.2020837815491368e-5,positive
0.325818993245349,0.16084712379576732,2.982861161569299e-5,1.7396809582126683e-5,positive
0.22104903355235378,0.4140344633961323,3.0959808993178226e-5,2.5696643000865205e-5,negative
0.2702411467416499,0.24602526200317176,2.8799471748581097e-5,1.6851873727126424e-5,undefined
0.33681275908921565,0.20759356862878936,3.094079398940107e-5,2.0459032558435428e-5,positive
0.33788967418903004,0.2346770224942544,3.2187154055642275e-5,2.3367585052882038e-5,positive
0.3367049931568063,0.2260691081650243,3.102957437769895e-5,2.0577655486473303e-5,positive
0.27202762509730494,0.41692383927184495,3.218677658539385e-5,2.7634842694138218e-5,positive
0.3312189171745795,0.30907403284852664,3.109155921984188e-5,2.0743101301785294e-5,positive
0.26594696244515115,0.2278927160886778,2.8607322435213544e-5,1.553424011354186e-5,undefined
0.2958289282936266,0.18972084754207214,2.8064644900489203e-5,1.3539066272837861e-5,undefined
0.29518675384919474,0.11922960459252303,2.71998074812146e-5,1.11817761408633e-5,positive
0.33225922367756383,0.16841718735334224,2.931370728445496e-5,1.574374023931619e-5,positive
0.2636217130109779,0.19954710813989862,2.820739055468705e-5,1.5256437158722027e-5,undefined
0.26081787186297045,0.2416014736854313,2.8360976780712737e-5,1.6462878161723805e-5,negative
0.27509948132648515,0.1827600966151707,2.742487865474066e-5,1.326402506260483e-5,negative
0.26401870670502087,0.28559016112055885,3.1393084631586674e-5,2.14705711779835e-5,negative
0.2895631962401344,0.290229039194315,3.0251787241604793e-5,1.878583710450857e-5,undefined
0.29282837590769484,0.10759997547167818,2.5866663541527485e-5,8.425377278343239e-6,undefined
0.33205086017044655,0.20495156139497112,3.0075867257115758e-5,1.5951552836575824e-5,undefined
0.3159869265092922,0.21307939803734202,3.059789581860969e-5,1.8944427946018025e-5,positive
0.3142389215110679,0.19195387833100183,2.951338629663303e-5,1.6758186111020053e-5,positive
0.3371982548779645,0.25343161503810585,3.234302749031019e-5,2.3737266850983e-5,positive
0.2924419933858412,0.34432363549478623,3.025412900771684e-5,1.9906988717428268e-5,undefined
0.25866849899401495,0.2501312986016896,3.0695592029203246e-5,2.317807624264637e-5,negative
0.2796042370799413,0.2708379852593444,3.08857482737996e-5,2.3577301497699905e-5,positive
0.28381760099996356,0.25240765905887497,2.9992723761704195e-5,2.0279422585930685e-5,positive
0.23057113467074242,0.08948600075445974,1.6856486099965357e-5,4.543874953604718e-6,undefined
0.2950172418842531,0.14150260618262395,2.759759192543136e-5,1.1661350868475833e-5,undefined
0.22345071634146235,0.5347912195645868,3.268547683119541e-5,3.170667195007244e-5,negative
0.30413407612429044,0.8394448614696519,3.434683224352145e-5,3.368664568764731e-5,positive
0.34338796352268797,0.2673240865485409,3.316515056873291e-5,2.8074345487471543e-5,positive
0.2588049308769726,0.12176373766300363,2.738890615071741e-5,1.4434959039362801e-5,undefined
0.3318006563407581,0.18826271074367615,3.101093902373845e-5,1.9497103479685758e-5,negative
0.33451541229151555,0.23845057072651454,3.084268722611583e-5,2.0226162643609985e-5,negative
0.3250743803013456,0.10001834464476439,2.3114746401926237e-5,6.257075646492541e-6,positive
0.32552727373313034,0.0935982798787961,2.0972488710464985e-5,5.012673850022035e-6,positive
0.2575523493475852,0.5830948553968799,3.27273697217408e-5,2.8860703242975055e-5,undefined
0.24466992202845228,0.29328551957710347,3.0625599658200434e-5,2.5843106663087098e-5,positive
0.2375048346533085,0.10087704913222707,2.525951314012087e-5,1.2041600778644039e-5,positive
0.35427689006498664,0.16085005518118822,3.12916288849349e-5,1.9542590943752594e-5,positive
0.23993168491001826,0.4140472394078464,3.2360271696652584e-5,2.763229256075635e-5,negative
0.29335616590860336,0.2460290475474612,3.040232958882474e-5,1.903728781758581e-5,undefined
0.36560619703099667,0.20759856068394583,3.245407281888943e-5,2.263311919323187e-5,positive
0.36677211297551443,0.2346813894180416,3.3563873609106365e-5,2.5511226776324512e-5,positive
0.3654846315808964,0.22607474665265073,3.253326355844548e-5,2.275261742686391e-5,positive
0.2952009630308475,0.4169383769113383,3.357199439212628e-5,2.952525610852634e-5,positive
0.35984592094381107,0.3090800454698983,3.2578605112768295e-5,2.2903592235536376e-5,positive
0.2888134937289534,0.22789547607123534,3.0335984439755832e-5,1.7565808559196826e-5,undefined
0.32130747974662877,0.1897210278482919,2.9792222449304567e-5,1.5395290260251575e-5,undefined
0.32000613421657464,0.1192318670965059,2.8876497504818496e-5,1.3009305724919908e-5,positive
0.3610128846941776,0.16842124833910666,3.2299836895996795e-5,1.9925799483100216e-5,positive
0.2864731424678393,0.19954712717012646,2.9922982824385538e-5,1.721211375461908e-5,undefined
0.283223394671285,0.2416030495875311,2.9995995045511075e-5,1.862513987433408e-5,negative
0.2986813672906617,0.18276037390446417,2.9195344560573162e-5,1.5091432685024467e-5,negative
0.28648887993890615,0.2855967673035311,3.146938528276972e-5,2.1583141605680537e-5,negative
0.31434166167252175,0.29023039857612637,3.171903042212237e-5,2.1008660386449026e-5,undefined
0.31805013240826785,0.10760171872727625,2.7696673261585233e-5,9.758709713590477e-6,undefined
0.36049567421762746,0.20495360616637376,3.1654170130305655e-5,1.799390982567439e-5,undefined
0.34305394334215245,0.2130805263443376,3.19954534210045e-5,2.112118418692874e-5,positive
0.341219386595509,0.1919581033672684,3.101411261984106e-5,1.8904668435000907e-5,positive
0.3660682025519674,0.253436901349382,3.369898081985215e-5,2.5866657460617787e-5,positive
0.3173981869692205,0.34432914222837185,3.187126012226433e-5,2.2121080307689403e-5,undefined
0.28109659675500825,0.25013990741879666,3.222039401957115e-5,2.527049483718891e-5,negative
0.3034799309906613,0.2708433443994488,3.226223402864429e-5,2.5611884239361496e-5,positive
0.3080489684809286,0.252409494449053,3.159708661743112e-5,2.242965877484716e-5,positive
0.2502525600661464,0.08948631083493427,1.6877706306532966e-5,4.552775097403805e-6,undefined
0.3203745612504695,0.1415020291952745,2.9244955855440256e-5,1.3532325991033069e-5,undefined
0.2429373856017157,0.5348174904941276,3.4049874980939955e-5,3.320978840430651e-5,negative
0.3299253984287203,0.8394798542348259,3.5542193144378366e-5,3.499806724886799e-5,positive
0.37270292140325884,0.26733035446988923,3.44304276582369e-5,2.9953483145890394e-5,positive
0.2811217868614118,0.12176545958609226,2.916448878430625e-5,1.633856978497737e-5,undefined
0.36040764037151496,0.1882633142093908,3.236120434545597e-5,2.1667940546744947e-5,negative
0.3632357783133289,0.23845678480344418,3.236019858891026e-5,2.239066056166822e-5,negative
0.35286708482105933,0.10001855562109949,2.3154875570446335e-5,6.279112111276095e-6,positive
0.3533039262896427,0.09359844988270238,2.1010384226457834e-5,5.029349495985085e-6,positive
0.2792893138713492,0.5830996738546316,3.408952267302921e-5,3.070993044519003e-5,undefined
0.26585687438282574,0.2932947713842818,3.216586048137403e-5,2.7813185229814278e-5,positive
0.25746542417920865,0.10088079156264093,2.3457085503986598e-5,1.0410120873642376e-5,positive
0.3450816697346719,0.1608482172822791,3.1277081711757964e-5,1.9521245468116345e-5,positive
0.2337486267278041,0.4140424960035404,3.101682301098233e-5,2.5771736570997315e-5,negative
0.28588156599740694,0.24602971318783862,3.0377554967284957e-5,1.9003422235377786e-5,undefined
0.35629919458702497,0.20759526166657635,3.243916520726023e-5,2.2609163776911412e-5,positive
0.3572803575579272,0.23468261049932082,3.222086496776379e-5,2.3419731959985025e-5,positive
0.3561770343381356,0.2260715977451218,3.251823278659035e-5,2.2728306891345178e-5,positive
0.28768824121505776,0.41693471620096884,3.35589658321076e-5,2.9506499312038857e-5,positive
0.35056710743755515,0.30907805219156625,3.256294425660214e-5,2.2878200952203256e-5,positive
0.2812856238361964,0.2278927659898785,2.8661609430598484e-5,1.559782938430243e-5,undefined
0.3130813459076813,0.18972227975977946,2.977870908889173e-5,1.5378453105308042e-5,undefined
0.31240264596708794,0.11923070054455398,2.8864250289699014e-5,1.2995851797486398e-5,positive
0.35158359290881314,0.16841854286342056,3.081718087715605e-5,1.7844917248778004e-5,positive
0.278932844045123,0.1995491326684105,2.823557996416984e-5,1.5288596122434307e-5,undefined
0.27597841672521006,0.24160361314505158,2.997131343147617e-5,1.859240062380079e-5,negative
0.2910682963292771,0.1827615654854136,2.9182729244018656e-5,1.5076390837639782e-5,negative
0.27907389094428287,0.28559269894201605,3.00324195486173e-5,1.945140773580267e-5,negative
0.3062080125641718,0.2902316520081967,3.031177945241799e-5,1.8867156710367533e-5,undefined
0.3096258620208052,0.10760137075894008,2.5892561566520165e-5,8.444442989457461e-6,undefined
0.35112304201065825,0.20495301350743905,3.0108087759428716e-5,1.599312910987436e-5,undefined
0.3343003199553712,0.21307975768073606,3.1981471661647555e-5,2.1099425818243017e-5,positive
0.3325014062957139,0.19195565861805183,3.099980413106786e-5,1.888418031453864e-5,positive
0.3565881044988297,0.25343550275679205,3.237685035814271e-5,2.3790030755703296e-5,positive
0.3093148597638601,0.3443270170979579,3.184432562067546e-5,2.2079972793927453e-5,undefined
0.27371072832961535,0.25013604070662265,3.0724185375213104e-5,2.321720307805519e-5,negative
0.2957515386252079,0.27084128843339916,3.2248857518900825e-5,2.559213156065328e-5,positive
0.30021351692413584,0.2524100476591575,3.1583353320634766e-5,2.24092388193419e-5,positive
0.24385095574692695,0.0894862041465896,1.687102752919947e-5,4.5499712427656984e-6,undefined
0.3121956602472953,0.14150368597091378,2.923258409561223e-5,1.3518179613750507e-5,undefined
0.2366064976953973,0.5348078913382099,3.40225427889096e-5,3.3179259471568894e-5,negative
0.32154889423338867,0.8394675035859234,3.550097317076925e-5,3.4952439831646297e-5,positive
0.36320801324629637,0.26732735330750385,3.441621620864241e-5,2.993113292733986e-5,positive
0.2739452478953066,0.1217651097704938,2.915332495588293e-5,1.632489276918172e-5,undefined
0.3511567749677351,0.18826225695934262,3.234709870008018e-5,2.164530138678076e-5,negative
0.3539425199220813,0.23845349201343216,3.2344911595765204e-5,2.2366257560913507e-5,negative
0.3438264689117083,0.10001848083887636,2.314214527424906e-5,6.2721112223696866e-6,positive
0.3442694804742325,0.09359838759260539,2.099837620325724e-5,5.0240594858711905e-6,positive
0.27215010189999395,0.5830972270287156,3.278724541770444e-5,2.8941554766116024e-5,undefined
0.25899507566478064,0.29329003144080745,3.2153804377407417e-5,2.779689456144877e-5,positive
0.25088715339147466,0.10088053641323025,2.344708789463903e-5,1.0402172227845603e-5,positive
0.3392414817086876,0.16084731030312494,3.126766698166053e-5,1.9507444327703718e-5,positive
0.22985826368876483,0.4140402687501016,3.099962729445322e-5,2.5749055980242133e-5,negative
0.2811304018392552,0.2460268347706716,3.0361437219934546e-5,1.8981423756177988e-5,undefined
0.35038307113298395,0.20759475679186332,3.24295403861682e-5,2.2593709112827446e-5,positive
0.35134059076371865,0.23467854723719786,3.221066042453422e-5,2.3403926143109516e-5,positive
0.35026063593486945,0.2260733569217455,3.2508530053968587e-5,2.2712625556224556e-5,positive
0.28284142492959685,0.416931610189966,3.220832088244632e-5,2.766418712757406e-5,positive
0.34467217144508017,0.30907944397997383,3.25528257896486e-5,2.2861808217889038e-5,positive
0.2765862203840322,0.2278940802058818,2.8645348198110205e-5,1.5578751880678248e-5,undefined
0.3078535782773786,0.18971802954386702,2.976994466991099e-5,1.536754618019508e-5,undefined
0.30694750754769773,0.11922746638365614,2.7219355292030766e-5,1.1199896846593195e-5,positive
0.34572732637471393,0.16841700439555607,3.08077357555581e-5,1.7831705803166555e-5,positive
0.2742405967261906,0.1995461451396222,2.822707042411808e-5,1.5278877609783238e-5,undefined
0.27137398783350086,0.24160269644987237,2.995525554833236e-5,1.857113165170509e-5,negative
0.28622922146035085,0.18275738341445813,2.9174542926816605e-5,1.5066640248177774e-5,negative
0.27443012486298735,0.28559460382435725,3.001512289186617e-5,1.9428300446083225e-5,negative
0.3011090703621421,0.2902282267584293,3.0293771034360683e-5,1.8842703701410738e-5,undefined
0.3044805617407913,0.1075981848928718,2.5884775173218263e-5,8.438707037685026e-6,undefined
0.34528066703020865,0.20495052771982386,3.0098393346473742e-5,1.5980605965136975e-5,undefined
0.3285828327190941,0.21307840319392962,3.06210884089122e-5,1.8976660966453173e-5,positive
0.32696056905753873,0.19195785453942574,3.0990533941569845e-5,1.8870918944347104e-5,positive
0.3506481396622455,0.25343367004729744,3.236660555319764e-5,2.3774027450464526e-5,positive
0.3041766739239456,0.34432864093905696,3.182683584881208e-5,2.2053323710088066e-5,undefined
0.26910063897580927,0.2501367790197987,3.0715527618266284e-5,2.3205338576970814e-5,negative
0.29083895156006445,0.2708391458909307,3.2240234068089295e-5,2.557939670676245e-5,positive
0.29523263494681434,0.25240927305388494,3.157446918137772e-5,2.239603449596394e-5,positive
0.23978254054184084,0.08948616098749752,1.686667732662659e-5,4.548147266880912e-6,undefined
0.30678390512873827,0.14150061892816504,2.7617472776965082e-5,1.1680575619277387e-5,undefined
0.23254248077614248,0.5348006590748542,3.27348092082676e-5,3.1761056348340724e-5,negative
0.3161953251603791,0.8394577047211866,3.44188420982154e-5,3.3765622166606096e-5,positive
0.3571726426578578,0.26732769453320476,3.4407116492014946e-5,2.991682086434341e-5,positive
0.2691273400416009,0.12176246950356599,2.740649129280165e-5,1.4453857477351533e-5,undefined
0.34510446533832434,0.18826245014716578,3.1034375281665066e-5,1.9530783238518718e-5,negative
0.34803641134090735,0.23845470217217904,3.23350401314252e-5,2.2350512964377654e-5,negative
0.33808124408826135,0.10001847504799175,2.31339064549553e-5,6.267587379216891e-6,positive
0.33852770056305936,0.09359838788709554,2.0990592856237187e-5,5.020635286053155e-6,positive
0.26764829272013413,0.5830959690210409,3.276917151002588e-5,2.8917129564530594e-5,undefined
0.2546358240210877,0.2932892787984246,3.214602914073923e-5,2.7786377579797507e-5,positive
0.24670624309657258,0.10087869589591911,2.3440600611112022e-5,1.0397017353952167e-5,positive
0.361947164971071,0.16085217131620996,3.271496685764766e-5,2.1640623953853042e-5,positive
0.2448877203157592,0.4140506556474851,3.2379099450785724e-5,2.7658343669105003e-5,negative
0.29954419668700344,0.24603150523865774,3.19376150001997e-5,2.11466253496497e-5,undefined
0.37328895137483076,0.2076009108586771,3.361745063614121e-5,2.469116030699014e-5,positive
0.37433810050096566,0.23468388168265672,3.357517874640387e-5,2.553062453717353e-5,positive
0.3731547362737277,0.22607725105346776,3.368630519067279e-5,2.4804523183659293e-5,positive
0.3013395414598161,0.416942720016261,3.459974709248131e-5,3.105684602626513e-5,positive
0.36745861598687146,0.30908386427625445,3.371710312119656e-5,2.4930622213070584e-5,positive
0.29480273157046705,0.2278946432536256,3.0354377444906325e-5,1.759056857798041e-5,undefined
0.32814420769633446,0.18972331019036964,3.1228580399070466e-5,1.746408059319603e-5,undefined
0.3266179593142164,0.11923221564991146,2.888620017451213e-5,1.3019973664093238e-5,positive
0.36847445105304216,0.16842060589533148,3.2310393412278626e-5,1.9942809593842107e-5,positive
0.2924574982893444,0.19954962988713673,2.9932805947539975e-5,1.7224922091601496e-5,undefined
0.28922849293142605,0.24160552966221427,3.156418358408407e-5,2.071440106081101e-5,negative
0.3049948574658258,0.18276264302720877,3.0691544402713246e-5,1.714812093803829e-5,negative
0.2924047970956999,0.2855959967760774,3.148844714787706e-5,2.1611369107966224e-5,negative
0.3208376421118696,0.2902318984096608,3.1738821544758824e-5,2.103871785761242e-5,undefined
0.3248903888697121,0.10760137674721147,2.5914114446297968e-5,8.46034877885851e-6,undefined
0.3679385910083283,0.20495254579507313,3.1665103051006966e-5,1.801032023077256e-5,undefined
0.35014070643228945,0.2130838013045697,3.2006566173325025e-5,2.1138500678503587e-5,positive
0.34846209127762706,0.19196042440091612,3.247594856564201e-5,2.100588110731757e-5,positive
0.37363572050739063,0.2534387139500853,3.3710257843084056e-5,2.5886129321191538e-5,positive
0.3240280272216609,0.3443321070037774,3.310969067626356e-5,2.420288672763387e-5,undefined
0.2869766173953633,0.25013977904350043,3.223010581584477e-5,2.5284977661226434e-5,negative
0.30985167811929215,0.27084686195146307,3.360164466259968e-5,2.7597319199978454e-5,positive
0.31451034113500365,0.25241319357909914,3.2861201033945116e-5,2.4484314972849314e-5,positive
0.25543576018452274,0.08948635363386623,1.68829594808014e-5,4.554980071578016e-6,undefined
0.3269961719037962,0.14150319027888653,2.9254750618699773e-5,1.3543535369735285e-5,undefined
0.2479779233947624,0.5348268146015964,3.596379903552078e-5,3.535722558627351e-5,negative
0.3367055285563295,0.8394929959460246,3.557506088246579e-5,3.503448742561649e-5,positive
0.38048234609918036,0.2673330282419146,3.534334791182207e-5,3.1449471635886544e-5,positive
0.2871514999768361,0.12176615571660312,3.0666526919867264e-5,1.8430140818140593e-5,undefined
0.36789904643665733,0.18826531100967936,3.2372421020949584e-5,2.168596435955816e-5,negative
0.37088972902106454,0.23845523322302575,3.352936554262301e-5,2.444788986334722e-5,negative
0.36018753754184957,0.10001854964626584,2.3164965721990193e-5,6.28466412438624e-6,positive
0.36061871412045865,0.0935984382811794,2.1019900092928762e-5,5.033542308792619e-6,positive
0.28502084556403307,0.5831016275031831,3.410898316460248e-5,3.0737516263842556e-5,undefined
0.271502001779498,0.29329576569641713,3.335963227976174e-5,2.9487723735381155e-5,positive
0.2627913761637927,0.10088098734038681,2.3464986424189636e-5,1.041640650391379e-5,positive
0.3890768784168773,0.16085227280593442,3.577617180831097e-5,2.767436083043445e-5,positive
0.2627238124182926,0.4140550436339681,3.5731855314146854e-5,3.2582006581009115e-5,negative
0.32111934806456127,0.24603298703079426,3.44069875099834e-5,2.541229187404371e-5,undefined
0.40029932821924763,0.20760148622389807,3.649594755114476e-5,3.0377809639208105e-5,positive
0.40164328060872667,0.23468646120603254,3.6357740083484355e-5,3.0896009006212385e-5,positive
0.4001545407447373,0.2260780892903526,3.653657836389651e-5,3.046475023811732e-5,positive
0.3231201105149699,0.4169512493042763,3.6371704533361794e-5,3.37772153555497e-5,positive
0.39453742330544245,0.30908559729826324,3.6534958876400135e-5,3.051784088353903e-5,positive
0.3165274748885692,0.2278959882843526,3.421338821465183e-5,2.395308354333495e-5,undefined
0.3522365711930202,0.189724713875495,3.380144526530515e-5,2.169912376811207e-5,undefined
0.35128734486876356,0.11923312736558972,3.191161658481434e-5,1.691505956796496e-5,positive
0.3955958427655063,0.1684230417732186,3.552924769757857e-5,2.621692556309919e-5,positive
0.31418154792376446,0.19955167145145583,3.3891871486680216e-5,2.3528862250504363e-5,undefined
0.3103942372482866,0.24160774191425574,3.411101312641265e-5,2.4978784724730502e-5,negative
0.3269715618006047,0.18276405965256262,3.3384877515149904e-5,2.1374277108896284e-5,negative
0.31379389066491875,0.2855990791227183,3.513310379343356e-5,2.7761290779810794e-5,negative
0.34430122905676624,0.29023513064255696,3.529576260932208e-5,2.7266633901488432e-5,undefined
0.3482705896730164,0.1076015541126783,2.594684542740488e-5,8.48456790226757e-6,undefined
0.394918129771293,0.20495536510225185,3.5098358410301026e-5,2.4397836462474782e-5,undefined
0.3758319519363793,0.2130847037986294,3.545568302184438e-5,2.7332292290865768e-5,positive
0.37407141659616105,0.1919606744947251,3.56371641449081e-5,2.7157763858354137e-5,positive
0.4009211537478833,0.2534431538090939,3.64381024993882e-5,3.1158382791758146e-5,positive
0.3474447879150257,0.34433414700340076,3.619106927636803e-5,2.9997236597235277e-5,undefined
0.3082699994797956,0.25014368518916635,3.547157443327553e-5,3.061912839475995e-5,negative
0.33241271902231334,0.2708492350702556,3.6375693618637315e-5,3.241536272895182e-5,positive
0.3372433824792104,0.25241474841347006,3.602230440362046e-5,3.0184358399387348e-5,positive
0.2739203804333623,0.0894864267075062,1.6900730307106087e-5,4.562445438511895e-6,undefined
0.3511982735984065,0.14150487685833718,3.3534242859449816e-5,1.9583855371207023e-5,undefined
0.26649275324347776,0.5348414318811906,3.66823817594884e-5,3.617456120040979e-5,negative
0.3609215416566076,0.8395136000518164,3.7640189085232334e-5,3.733406124832625e-5,positive
0.4081161331995573,0.2673354567860005,3.753941163039031e-5,3.5215203142391615e-5,positive
0.30827942982229284,0.12176751205606962,3.3368061933650824e-5,2.2662871646388877e-5,undefined
0.39510006823896454,0.18826664301361418,3.568444587455631e-5,2.780481081103365e-5,negative
0.39806541350774444,0.23845992123166093,3.642825641462151e-5,3.0153808805959714e-5,negative
0.3862979294565466,0.10001855883504798,2.319968899315725e-5,6.303815537439603e-6,positive
0.3867040276906068,0.0935984380322749,2.105261047860902e-5,5.047981225000893e-6,positive
0.30558074480338926,0.5831034678604687,3.673133111145864e-5,3.463653250054058e-5,undefined
0.2915705334023041,0.29330226196961656,3.6322632637471024e-5,3.383778047540728e-5,positive
0.2817828051413931,0.10088127877669217,2.3491820218447218e-5,1.0437751665079409e-5,positive
0.36536948919297685,0.16085190385334847,3.2719712400978354e-5,2.1648550810792254e-5,positive
0.247162523292683,0.41405087284022335,3.238762002422939e-5,2.7670135779514623e-5,negative
0.302322060625122,0.2460324013761735,3.194566704123866e-5,2.1159110766597516e-5,undefined
0.3767472366810324,0.2076012620932653,3.362225519623927e-5,2.469961686900545e-5,positive
0.37792975901513826,0.23468354880443515,3.4592619262111896e-5,2.7415907566635154e-5,positive
0.37661330783309926,0.22607775215153086,3.369111914954125e-5,2.4813046566610158e-5,positive
0.3041309770447863,0.4169460671850176,3.46038912724885e-5,3.1063026574977134e-5,positive
0.3709097785292075,0.3090835415517523,3.3722105820539234e-5,2.4939485034926028e-5,positive
0.2975521060278169,0.2278961034321879,3.0362673624674763e-5,1.7601751278772543e-5,undefined
0.3312025974246422,0.18972187650905237,3.123301115027971e-5,1.7470457259473924e-5,undefined
0.3299635191929229,0.1192318205358009,3.0525569403332986e-5,1.4816023165817567e-5,positive
0.37189936735516455,0.16842063569366875,3.2315179080738985e-5,1.995052803214403e-5,positive
0.2953331174639451,0.19954884056686534,3.134818150603796e-5,1.931683989376178e-5,undefined
0.29192191858078137,0.24160417280174484,3.157224849643192e-5,2.072651924968441e-5,negative
0.3078243256407299,0.18276112778628748,3.069570446035401e-5,1.7153840780770676e-5,negative
0.29512017296801263,0.28559719853727805,3.149706251946268e-5,2.162414020415633e-5,negative
0.3239320806024411,0.2902334636490844,3.3124255259593854e-5,2.315644718046346e-5,undefined
0.3279007888009169,0.10760154431916921,2.5918437784642083e-5,8.463544837819013e-6,undefined
0.37151042977899607,0.2049543444802452,3.290631122801013e-5,2.0146671900421863e-5,undefined
0.35355216398855294,0.2130840743549074,3.335878187606019e-5,2.325563187291209e-5,positive
0.35170272638636785,0.19196066362507333,3.24806271497954e-5,2.1013536062561948e-5,positive
0.3772174882842776,0.2534392218543639,3.4708192830013005e-5,2.7742222225451e-5,positive
0.3270316443661447,0.3443301992848221,3.311825040111098e-5,2.421720546667704e-5,undefined
0.2896765533366927,0.2501426867081349,3.223451560627454e-5,2.5291554066412222e-5,negative
0.3127236335381992,0.2708462712388026,3.360595712697749e-5,2.760420821903649e-5,positive
0.3174217950720629,0.2524113880637625,3.286563376031062e-5,2.4491493972097635e-5,positive
0.2578150411615554,0.08948639516004636,1.6885334197444036e-5,4.5559782815765274e-6,undefined
0.3302567111471235,0.14150105013280945,3.08640710883704e-5,1.5380954874794535e-5,undefined
0.2504589244615292,0.534830849261176,3.502562815626257e-5,3.430458854295882e-5,negative
0.3398281036986776,0.8394980244540422,3.633137191848871e-5,3.587461888613676e-5,positive
0.3840104592239495,0.26733285315537336,3.534786521442291e-5,3.1456854175732504e-5,positive
0.2898194828048237,0.12176416543974551,3.067021643589389e-5,1.843527905998864e-5,undefined
0.3715172572605872,0.188266343762596,3.3676735543053834e-5,2.37942201751431e-5,negative
0.3743442191439309,0.23845662217098312,3.353426921624777e-5,2.4456474078785375e-5,negative
0.36354804742479374,0.10001857747364534,2.3169545984957188e-5,6.28718787349956e-6,positive
0.3639764225459137,0.09359846170591943,2.102421525716492e-5,5.035446085505904e-6,positive
0.28765111855015246,0.5831012619014733,3.411781318092705e-5,3.075003932082324e-5,undefined
0.27405462831857363,0.2932972729136335,3.336355906151484e-5,2.949323780105597e-5,positive
0.2652360919198399,0.10088108605983746,2.346855718564057e-5,1.04192493535261e-5,positive
0.3310833353154647,0.1608478096183544,2.983819651179899e-5,1.7409227293812642e-5,positive
0.2245611962218506,0.41403642638790367,3.097574895590203e-5,2.5717551918868272e-5,negative
0.2745301072468126,0.24602503110774965,2.8815954609811827e-5,1.6871808136270252e-5,undefined
0.34215394631729146,0.20759386102567012,3.095060428223083e-5,2.047300530070491e-5,positive
0.3432528879427855,0.23467686853969033,3.219655477829762e-5,2.3382072065748525e-5,positive
0.34204636600004656,0.22606947069849653,3.1039468735787854e-5,2.0591840209044117e-5,positive
0.27633918570001914,0.41692464336635304,3.2195290919017066e-5,2.764634790850607e-5,positive
0.3365360584043732,0.30907360615302193,3.1101911145551876e-5,2.0758003322130033e-5,positive
0.2701886483789639,0.22789278696047896,2.862266483118949e-5,1.5552166454075325e-5,undefined
0.3005460036701473,0.18971878088323363,2.807330404482216e-5,1.3548362111344643e-5,undefined
0.2998760183454545,0.11923020333619644,2.7207669796763408e-5,1.1189050768965875e-5,positive
0.3377539282470684,0.16841870042320276,3.0794630833029724e-5,1.7813377175054373e-5,positive
0.2678545682649793,0.19954711682288007,2.8215293299674742e-5,1.5265419835362415e-5,undefined
0.26497299828968607,0.2415987089632428,2.837731438183338e-5,1.6482056140202044e-5,negative
0.27946727813383143,0.1827579922748484,2.743288872008764e-5,1.327229460916382e-5,negative
0.2681072698447935,0.28559299404369787,2.999105327999384e-5,1.9396170447751286e-5,negative
0.29416667192598833,0.290227036205725,3.0268700500972887e-5,1.8808699818886844e-5,undefined
0.2974744978411783,0.10759803172334775,2.5873955171498158e-5,8.430736652800361e-6,undefined
0.33732586055892116,0.20495160778377564,3.0084931114211123e-5,1.596322078050043e-5,undefined
0.32100908326041644,0.2130772485628077,3.06071951352844e-5,1.8957313909464203e-5,positive
0.3192396461838522,0.19195472603660713,2.9522806683335432e-5,1.6770035161245528e-5,positive
0.3425608064978132,0.25343152004002395,3.2352448085781456e-5,2.3751905581586258e-5,positive
0.29708094643980043,0.3443239847718499,3.0272087388749548e-5,1.9931339376397837e-5,undefined
0.26282668692793343,0.2501341576504611,3.070353365878865e-5,2.3188881872753264e-5,negative
0.2840391722085045,0.2708376920716852,3.0894533885989325e-5,2.3589364634752396e-5,positive
0.2883144596578758,0.25240398533977,3.0001655563369695e-5,2.0291305474712324e-5,positive
0.2342436846953299,0.08948598175862957,1.686059589646125e-5,4.545593591430288e-6,undefined
0.29970874574238104,0.1415003147318914,2.7605596648133627e-5,1.1669078084650075e-5,undefined
0.22707316049455542,0.534787413936045,3.2705389400575484e-5,3.1728501971269556e-5,negative
0.30894295671233085,0.8394385679013461,3.4375769059139704e-5,3.371827684698493e-5,positive
0.34883686354557975,0.26732368620990893,3.317459708031437e-5,2.8088245727590544e-5,positive
0.26292055454805585,0.12176364369280107,2.739596393550747e-5,1.4442519457047731e-5,undefined
0.33710437050400666,0.18826016228143697,3.102034409561016e-5,1.9510587392589214e-5,negative
0.33984563775752674,0.2384534683382296,3.0852739128874406e-5,2.0240378994318075e-5,negative
0.330260009182069,0.1000183480151141,2.312246450579622e-5,6.261305132190617e-6,positive
0.33071056349323885,0.09359828353805168,2.0979784130984048e-5,5.015878815974913e-6,positive
0.2616196110301554,0.5830943436366789,3.274415909894997e-5,2.8883335054540835e-5,undefined
0.24860082248508442,0.2932857966798804,3.063336405597321e-5,2.5852953041623056e-5,positive
0.24101394875984455,0.10087829968066685,2.3431541974078372e-5,1.0389809615030684e-5,positive
0.3440779791943184,0.16084733530750256,3.127545279490101e-5,1.9518841688514254e-5,positive
0.2330800748604044,0.4140408962958481,3.1013837838297075e-5,2.5767766323686073e-5,negative
0.2850652300758667,0.2460290087686744,3.037478629551319e-5,1.8999625891965147e-5,undefined
0.3552827221122664,0.20759483933285267,3.2437499856042525e-5,2.2606470042135802e-5,positive
0.35625979754076686,0.23468188926216385,3.221909573106038e-5,2.3416969383632136e-5,positive
0.35516050816730554,0.22607414724349761,3.2516553350412256e-5,2.2725572314704214e-5,positive
0.2868675633380928,0.4169305415072214,3.3557470170562684e-5,2.950430427885449e-5,positive
0.3495540918227759,0.30907736687766024,3.2561194633480884e-5,2.287534529751756e-5,positive
0.2804781319541941,0.2278921572779095,2.865881792116168e-5,1.5594541351220738e-5,undefined
0.31218308197358824,0.18972205007594176,2.9777199835699935e-5,1.5376564360273666e-5,undefined
0.31150991584734433,0.11923057055061219,2.8862884375426843e-5,1.2994344422707993e-5,positive
0.35057737166735614,0.16841999202515615,3.081555131281116e-5,1.784262370525116e-5,positive
0.2781264928826157,0.1995487479539783,2.8234102904327062e-5,1.5286894092240212e-5,undefined
0.2751872456320886,0.24160291397484432,2.9968552748718553e-5,1.858872623637527e-5,negative
0.2902368654915519,0.18276132354184713,2.918131820317147e-5,1.50746991220775e-5,negative
0.2782759842904111,0.28559232211199126,3.0029446295608244e-5,1.944741574075803e-5,negative
0.3053319054472478,0.29022859619567126,3.0308688845661466e-5,1.8862942962995285e-5,undefined
0.30874183616651296,0.10760128225630794,2.5891222826422414e-5,8.443451908677619e-6,undefined
0.3501192275410211,0.20495065608275145,3.010641663185077e-5,1.5990959100759452e-5,undefined
0.3333443483458746,0.2130790285028693,3.1979904311221466e-5,2.10969702603803e-5,positive
0.33154936689696324,0.19195633718199706,3.0998199775261645e-5,1.8881868937904904e-5,positive
0.35556747948938466,0.2534341857924306,3.237507103066888e-5,2.3787228072818675e-5,positive
0.3084320381364122,0.34432867773072234,3.184132197622888e-5,2.2075379182447124e-5,undefined
0.2729184287960874,0.2501352685000733,3.072266704016794e-5,2.321509534372158e-5,negative
0.2949074257330499,0.2708400754576175,3.224734823492088e-5,2.558987662447735e-5,positive
0.2993577141285184,0.25240943369685964,3.15818081092157e-5,2.240692049144984e-5,positive
0.24315190348587498,0.08948612324126548,1.6870274708192096e-5,4.549652231274208e-6,undefined
0.3110875761005975,0.14150424144137605,2.7624542798472343e-5,1.1687412142470888e-5,undefined
0.23588227012700494,0.5348025587237769,3.401938608766881e-5,3.317568206841684e-5,negative
0.32060536102075365,0.839461853724347,3.44447547288225e-5,3.379403733029386e-5,positive
0.3621710075210438,0.26732825799727356,3.4414630438122015e-5,2.9928614563730887e-5,positive
0.27316151049390025,0.12176139628810116,2.915206916026085e-5,1.6323340930426173e-5,undefined
0.35014668416871975,0.18826195330095336,3.234552257101148e-5,2.1642758788994267e-5,negative
0.35292770046683514,0.2384516399627242,3.234320513761623e-5,2.2363517688666338e-5,negative
0.342839295695042,0.10001841558203978,2.3140729765466052e-5,6.27133042351371e-6,positive
0.34328292471068883,0.09359833136320235,2.099703624313381e-5,5.0234671718924685e-6,positive
0.2713766311557393,0.5830960778640768,3.278413838507025e-5,2.8937341761408918e-5,undefined
0.25824581663898627,0.29328884316630377,3.21524204726644e-5,2.7794988104750967e-5,positive
0.2501687680080328,0.10088006830400938,2.3445961472170926e-5,1.0401266650827633e-5,positive
0.3467553822538505,0.16084844120751535,3.127974070935632e-5,1.952513559951587e-5,positive
0.23486305135732585,0.4140422020138469,3.102166336091027e-5,2.577809955177112e-5,negative
0.2872426268660593,0.24602967704617812,3.038210770660602e-5,1.9009630957953976e-5,undefined
0.3579939573479417,0.20759900278353227,3.244188457570196e-5,2.261351958120484e-5,positive
0.3591278144828786,0.23468036768827413,3.355231404069633e-5,2.5491403749443892e-5,positive
0.3578718904637326,0.22607149987219544,3.2520977390717494e-5,2.2732731473111213e-5,positive
0.28905617847583565,0.4169343690556648,3.356131462435693e-5,2.9509854590744102e-5,positive
0.35225626697783696,0.3090779120593984,3.25658038741578e-5,2.2882822146146232e-5,positive
0.2826320188775422,0.22789432407832944,2.86662016898522e-5,1.5603214829935386e-5,undefined
0.31457911167816316,0.18972222382002701,2.9781188363480736e-5,1.538153456154257e-5,undefined
0.3138911446980508,0.11923066721555244,2.8866495670168353e-5,1.2998312132663805e-5,positive
0.3532613311391638,0.16841861240680317,3.081984885450546e-5,1.784864292816351e-5,positive
0.28042994826297535,0.1995484770622947,2.9912840947786492e-5,1.7198893595169462e-5,undefined
0.277297551123146,0.24160135153866763,2.997584546115314e-5,1.8598397635783042e-5,negative
0.29245456672666253,0.1827583719202351,2.9185040672667964e-5,1.5079139155247307e-5,negative
0.2804042146740957,0.2855927400903563,3.003730354122493e-5,1.9457925537591944e-5,negative
0.307778886260184,0.29022907574375023,3.1698579612046374e-5,2.0977644161439412e-5,undefined
0.31142581007297737,0.10759697700902847,2.768697008609713e-5,9.750304673252047e-6,undefined
0.3529759709569892,0.20495002780757798,3.1642902090965816e-5,1.797700703177042e-5,undefined
0.3358942323022728,0.21308134466826134,3.1984027190154734e-5,2.1103389653437928e-5,positive
0.3340887886459025,0.19195593589367854,3.100242126294418e-5,1.888791608688508e-5,positive
0.35842302082328287,0.25343501636535704,3.368744084977847e-5,2.5846743110304105e-5,positive
0.3107867818198608,0.34432689658685384,3.184927076494011e-5,2.2087504822516343e-5,undefined
0.275031725087884,0.2501381302682294,3.072661998061184e-5,2.3220520933735826e-5,negative
0.29715879369183745,0.27084121581530557,3.2251287165088e-5,2.5595701827526746e-5,positive
0.3016403231813121,0.2524078369993082,3.15858563958106e-5,2.2412945755232245e-5,positive
0.24501654155213176,0.08948618053772714,1.687224986489013e-5,4.550482303574913e-6,undefined
0.31368491996948955,0.14150364747979655,2.9234854045828122e-5,1.3520769011928903e-5,undefined
0.2377584744731649,0.5348071511986973,3.402756881678897e-5,3.3184841264393535e-5,negative
0.3228973792825181,0.8394590759619794,3.958507440008657e-5,3.9527907618181556e-5,positive
0.3649369404134895,0.2673273605446121,3.44187939304944e-5,2.9935170480765088e-5,positive
0.2752519794979782,0.12176506587247818,2.9155368277994317e-5,1.6327386420615065e-5,undefined
0.352841022266171,0.18826219048805581,3.2349678531115346e-5,2.16494307636046e-5,negative
0.355634599214515,0.23845592270922747,3.234770312891087e-5,2.2370700663619278e-5,negative
0.34547251622169617,0.1000184584651316,2.314447889160799e-5,6.2733920169134e-6,positive
0.34591447200449604,0.09359836747092476,2.1000576330664296e-5,5.025026841149214e-6,positive
0.2734395844736117,0.5830970646232454,3.279236912201432e-5,2.8948472932314778e-5,undefined
0.2602441167543162,0.2932917640067759,3.215597942952167e-5,2.779981077235352e-5,positive
0.25208492727495324,0.10088050096499633,2.344891721410135e-5,1.0403619818473309e-5,positive
0.3440779791941259,0.1608473353018433,3.1275452794836186e-5,1.9518841688374473e-5,positive
0.2330800748597558,0.41404089635478675,3.101383783809118e-5,2.5767766323304623e-5,negative
0.28506523005893736,0.24602900878904121,3.0374786109717493e-5,1.899962560524677e-5,undefined
0.35528272211227535,0.20759483937348439,3.243749985590585e-5,2.2606470041827218e-5,positive
0.3562597974557067,0.23468188925917077,3.221909496249574e-5,2.3416968157667606e-5,positive
0.3551605081088806,0.2260741472607312,3.251655283525419e-5,2.2725571483291205e-5,positive
0.28686756334624763,0.4169305414851096,3.3557470324339984e-5,2.9504304498961213e-5,positive
0.34955409180883207,0.30907736689727333,3.256119446203604e-5,2.2875345020076315e-5,positive
0.2804781319542379,0.22789215729520346,2.8658817921089347e-5,1.5594541351097142e-5,undefined
0.31218308198181705,0.18972205012408913,2.9777199906248293e-5,1.5376564447996996e-5,undefined
0.3115099159159988,0.1192305705571718,2.8862884580256757e-5,1.299434468631447e-5,positive
0.3505773717374216,0.1684199920557804,3.081555180041099e-5,1.7842624366384918e-5,positive
0.2781264928638454,0.1995487479810018,2.8234102904229555e-5,1.5286894092109488e-5,undefined
0.2751872456142896,0.24160291400005823,2.9968552542826514e-5,1.858872596413547e-5,negative
0.29023686555258355,0.18276132344380705,2.9181318610384224e-5,1.5074699606710934e-5,negative
0.278275984199007,0.28559232213321795,3.0029445064978263e-5,1.9447414097679217e-5,negative
0.3053319054636257,0.29022860184989197,3.030868905312321e-5,1.8862943244544225e-5,undefined
0.3087418361027183,0.1076012822193427,2.5891222231410608e-5,8.443451488142183e-6,undefined
0.3501192276815065,0.2049506561451339,3.0106417836440543e-5,1.599096067390472e-5,undefined
0.33334434833569526,0.21307902848691895,3.197990423051628e-5,2.109697011887646e-5,positive
0.33154936689703035,0.19195635797196453,3.09981997751457e-5,1.8881868937660687e-5,positive
0.3555674794807543,0.25343418571569304,3.237507095009952e-5,2.378722793469043e-5,positive
0.30843203825193616,0.3443286777250878,3.184132368818941e-5,2.2075381790383767e-5,undefined
0.27291842872115013,0.25013526848111367,3.072266616573656e-5,2.3215094139879235e-5,negative
0.29490742578410933,0.27084007547545375,3.2247348843609284e-5,2.5589877529095323e-5,positive
0.29935771412822204,0.2524094337378315,3.158180810676171e-5,2.2406920487723027e-5,positive
0.24315190346030802,0.08948612325165106,1.6870274708169928e-5,4.5496522312494985e-6,undefined
0.311087576165763,0.14150424145340698,2.7624543267173254e-5,1.1687412596098399e-5,undefined
0.2358822717538715,0.5348025587393744,3.401938506660548e-5,3.317568093198997e-5,negative
0.32060536100755266,0.839461853709448,3.444475428505409e-5,3.3794036843882595e-5,positive
0.36217100754867415,0.26732825798568416,3.4414630716713773e-5,2.9928615000615923e-5,positive
0.27235313429136176,0.12173912146215715,3.797078440160555e-5,3.314291542580191e-5,undefined
0.35014668416941014,0.18826195328777656,3.234552257839797e-5,2.1642758800991842e-5,negative
0.3529277005027646,0.23845163996943214,3.234320547459944e-5,2.2363518225424252e-5,negative
0.3428392956951079,0.1000184156007995,2.314072976542868e-5,6.271330423476889e-6,positive
0.3432829247658775,0.09359833140205095,2.099703647756816e-5,5.023467275050301e-6,positive
0.2713766311674304,0.5830960778701713,3.278413870201938e-5,2.893734219897497e-5,undefined
0.258245816636335,0.2932888431970316,3.215242044921598e-5,2.7794988073115773e-5,positive
0.250168767723717,0.10088006829235012,2.344596070467882e-5,1.0401266042206591e-5,positive
