name,soil,BGE,rate,Dads
alanine,Mollisols,0.42111345415887413,0.07598214859833258,0.009105299954421213
glucose,Mollisols,0.4774946157864445,0.024179179813216434,0.01300457032034222
salicylic acid,Mollisols,NaN,0.006368396272327413,0.15830016974545413
sinapyl alcohol,Mollisols,NaN,0.007196780257264599,0.9830709633950532
oxalic acid,Mollisols,NaN,0.006585253452834564,0.3148626091705087
alanine,Mollisols,0.4197945301079167,0.16308624091093302,0.004278090072480619
glucose,Mollisols,0.4720591093406224,0.09850420375051024,0.0031717624735899982
salicylic acid,Mollisols,0.3155165309131084,0.024588369930237552,0.13975404821218296
sinapyl alcohol,Mollisols,0.3260824205200298,0.024588865920628877,0.8698478239008329
oxalic acid,Mollisols,0.2969797549121437,0.0245877180820558,0.23405026873491963
alanine,Mollisols,0.4701185702274955,0.14672228135488938,0.00492534808634423
glucose,Mollisols,0.5448453704232544,0.056081073678462684,0.005750749526055563
salicylic acid,Mollisols,0.3279574499380331,0.005142683647648613,0.1582993927695493
sinapyl alcohol,Mollisols,0.3403152748137366,0.005537849250923052,0.9830702154007542
oxalic acid,Mollisols,0.3068782891026694,0.005230001934567732,0.31485463732376334
alanine,Mollisols,0.4917028186736818,0.11564751720182044,0.00629833956631487
glucose,Mollisols,0.5772410270682355,0.022328800880179432,0.014683443011458089
salicylic acid,Mollisols,0.43807450412641835,0.03964822612880321,0.11081372579454224
sinapyl alcohol,Mollisols,0.45717520637463394,0.03964771804171374,0.553370155405112
oxalic acid,Mollisols,0.4050329814578678,0.039645059767822954,0.14963272874972222
alanine,Mollisols,0.47450101624662483,0.10542900436220597,0.006844092865079278
glucose,Mollisols,0.5560324030550987,0.030736035351739112,0.010533216454745266
salicylic acid,Mollisols,0.4130720717948203,0.030283104535191924,0.12621070299087422
sinapyl alcohol,Mollisols,0.43076919465274466,0.030281825094204736,0.7212760676427465
oxalic acid,Mollisols,0.38193403343460886,0.030279938347055002,0.19478577882118292
alanine,Mollisols,0.4915799634100971,0.1330856257076511,0.005468882110701423
glucose,Mollisols,0.5773005461604324,0.026627072504496616,0.012274941796550419
salicylic acid,Mollisols,0.4364969336731005,0.03552271658417986,0.11675363389117027
sinapyl alcohol,Mollisols,0.45536237538862934,0.035522507604585106,0.6178986225888965
oxalic acid,Mollisols,0.40334623480094167,0.03552215699104701,0.16704495614141454
alanine,Mollisols,0.42434209401261613,0.08909589993421378,0.00778627280126092
glucose,Mollisols,0.49044698761922023,0.09333580261884042,0.0033615661240657233
salicylic acid,Mollisols,0.32890151080266017,0.015863322940150457,0.15812159739789627
sinapyl alcohol,Mollisols,0.34000655496176335,0.01586327215924198,0.9829075822600553
oxalic acid,Mollisols,0.3080708360457989,0.01586316581120065,0.31292591806963715
alanine,Mollisols,0.45809919342110583,0.06526941232213596,0.010946075916917958
glucose,Mollisols,0.5483828657309437,0.06979734811978754,0.004586763182035047
salicylic acid,Mollisols,0.400035889905362,0.03125945179726626,0.12387413476729425
sinapyl alcohol,Mollisols,0.41739807426494135,0.03126147785143384,0.6961908554232896
oxalic acid,Mollisols,0.3701891698578832,0.03126025637805703,0.18769032600132118
alanine,Mollisols,0.4686971422769224,0.11311342876516747,0.006397446830815414
glucose,Mollisols,0.5577178373026407,0.14695450882593888,0.0021923469189917525
salicylic acid,Mollisols,0.2615966354952579,0.007044716960747512,0.15829996477888447
sinapyl alcohol,Mollisols,0.2715709585354298,0.008917162371254632,0.9830707399071195
oxalic acid,Mollisols,NaN,0.007428395560865022,0.3148606654219429
alanine,Mollisols,0.48947545129830283,0.10770413508575755,0.006787947392402057
glucose,Mollisols,0.589990741779834,0.14348896041354223,0.002261338422607575
salicylic acid,Mollisols,0.25793052962212853,0.007188728470285988,0.15830004468548867
sinapyl alcohol,Mollisols,0.26612110485211904,0.008509777724649318,0.9830708144473442
oxalic acid,Mollisols,NaN,0.007731916138725745,0.3148614980645659
alanine,Mollisols,0.49685099609952155,0.1059661272326238,0.00692143369188962
glucose,Mollisols,0.5786728191838972,0.019802788569785495,0.015866022356200663
salicylic acid,Mollisols,0.4487030135568977,0.07508595180261661,0.08686697686663666
sinapyl alcohol,Mollisols,0.4668820238009337,0.07508499892231887,0.2928793119301754
oxalic acid,Mollisols,0.4168546076002658,0.07508174916758728,0.07920138886036689
alanine,Mollisols,0.49454407336669004,0.10101885712015583,0.007233651110587485
glucose,Mollisols,0.5967887533227847,0.09383244063118068,0.003459654181843783
salicylic acid,Mollisols,0.39788411181423167,0.00656245543281693,0.1582982953122019
sinapyl alcohol,Mollisols,0.41422626303241805,0.006624103377884074,0.9830692365534857
oxalic acid,Mollisols,0.3684526500610985,0.006580717822049225,0.3148428789218506
alanine,Mollisols,0.435045874100182,0.06877453996584446,0.010320352649686391
glucose,Mollisols,0.5075023940050704,0.06878106817588513,0.004605842454104841
salicylic acid,Mollisols,0.35719135035060723,0.03897359552863168,0.11061983653603114
sinapyl alcohol,Mollisols,0.369556994854466,0.03894769026767895,0.5516849336183143
oxalic acid,Mollisols,0.3336919014507681,0.03897035885446403,0.14855110278629474
alanine,Mollisols,0.4514884732060823,0.11020941927498304,0.0064956001495375705
glucose,Mollisols,0.5252917367301186,0.07996685616191701,0.003993853530986221
salicylic acid,Mollisols,0.364170656167528,0.014148687091141025,0.15823141155020373
sinapyl alcohol,Mollisols,0.37761781965798014,0.014148801531547121,0.983007177151357
oxalic acid,Mollisols,0.33944686239794564,0.014148680693567998,0.3141327535250008
alanine,Mollisols,0.4800641295854732,0.12603673794866577,0.005772678676941588
glucose,Mollisols,0.5641434170672393,0.07499149635719393,0.004317799231090016
salicylic acid,Mollisols,0.3786841532031962,0.008062387403319254,0.1582961003874979
sinapyl alcohol,Mollisols,0.39446000124169417,0.008073302755755477,0.9830671533859341
oxalic acid,Mollisols,0.353149680678871,0.008066208950698817,0.3148200744304433
alanine,Mollisols,0.4593744680010867,0.12802796431940752,0.005615838488219701
glucose,Mollisols,0.5391976195690905,0.11625219780296445,0.002756456983344519
salicylic acid,Mollisols,0.3751488056660385,0.015636061179868446,0.1581685676501107
sinapyl alcohol,Mollisols,0.39039490271097066,0.015636052918038275,0.9829487316734453
oxalic acid,Mollisols,0.3506823976458291,0.01563601132053176,0.3134549569527322
alanine,Mollisols,0.486198304863365,0.18323617673242476,0.003972461203326828
glucose,Mollisols,0.5737431788825503,0.11447283299251142,0.002831129646070098
salicylic acid,Mollisols,0.41879802603506056,0.020103380561404677,0.15712889427615656
sinapyl alcohol,Mollisols,0.4346242910439252,0.02010359363341868,0.9820809569498221
oxalic acid,Mollisols,0.3894002604268939,0.020102030277542725,0.2977135874995533
alanine,Mollisols,0.5093882936427561,0.13941831094466745,0.005289953422225809
glucose,Mollisols,0.5999147825706652,0.04065479784467625,0.008076601414603694
salicylic acid,Mollisols,0.4573791789751136,0.0406537884787552,0.11001543165397265
sinapyl alcohol,Mollisols,0.4759523519332779,0.04065505338885437,0.5439138901320818
oxalic acid,Mollisols,0.42449659775845394,0.0406546134430668,0.14739512897268917
alanine,Mollisols,0.5153752400986443,0.10614053251938621,0.006957526298109025
glucose,Mollisols,0.626636492773005,0.12505275728420714,0.0026189085668823333
salicylic acid,Mollisols,0.44126085490500655,0.008345060948179717,0.15829609140256518
sinapyl alcohol,Mollisols,0.4590947461074826,0.008353550532861284,0.9830671501776963
oxalic acid,Mollisols,0.4083336435893725,0.008347202932981596,0.31481993624769483
alanine,Mollisols,0.4758681777912197,0.09872470244464059,0.007333461145003903
glucose,Mollisols,0.5688351763879289,0.09418484961292618,0.003423285268526809
salicylic acid,Mollisols,0.38071718560423795,0.007654097933733369,0.15829671232776737
sinapyl alcohol,Mollisols,0.39579775246407184,0.0076707300459403814,0.9830677981183044
oxalic acid,Mollisols,0.35157323758049597,0.007658217295696868,0.3148260584095184
alanine,Mollisols,0.47696846649894864,0.09480216206701259,0.007647967145902959
glucose,Mollisols,0.5712166056197974,0.0948135990427542,0.0034004578632074347
salicylic acid,Mollisols,0.3638045176738016,0.00600308395927316,0.1582987153037445
sinapyl alcohol,Mollisols,0.38027127616118717,0.006104168576080037,0.9830696246495974
oxalic acid,Mollisols,0.33820623943843925,0.006030196855626089,0.31484730285408663
alanine,Mollisols,0.4584230028906495,0.07926375816433287,0.009036482821384535
glucose,Mollisols,0.5495619318966183,0.08690195385801638,0.0036719401468038614
salicylic acid,Mollisols,NaN,0.00936581481612328,0.15830007722352163
sinapyl alcohol,Mollisols,NaN,0.010658724078003399,0.9830708674603078
oxalic acid,Mollisols,NaN,0.009713553401981436,0.3148617025118717
alanine,Mollisols,0.4947704530407889,0.21394695361748517,0.0034171522001928767
glucose,Mollisols,0.5876742254019329,0.16590925981269722,0.0019584740851070893
salicylic acid,Mollisols,0.41939551187904034,0.015155309214313146,0.15820736991802628
sinapyl alcohol,Mollisols,0.4346753107647523,0.01515542236951699,0.9829841131734951
oxalic acid,Mollisols,0.39044600162429915,0.015155324040284723,0.31387876966092004
alanine,Mollisols,NaN,0.037286115462420985,0.01763958379731145
glucose,Mollisols,0.41105731638818627,0.03719439798584727,0.008072296446146503
salicylic acid,Mollisols,NaN,0.0030941082304481856,0.15830015698773953
sinapyl alcohol,Mollisols,NaN,0.003612067165410141,0.9830709556998056
oxalic acid,Mollisols,NaN,0.003196580875159026,0.3148624520891303
alanine,Mollisols,0.4261969283071818,0.054958042570810425,0.012854357790718763
glucose,Mollisols,0.4918681670072296,0.04103095502366527,0.007713895549344383
salicylic acid,Mollisols,0.32009109878732545,0.008965746197429644,0.15829239584489724
sinapyl alcohol,Mollisols,0.3306837171085185,0.008966919998931277,0.9830639233088828
oxalic acid,Mollisols,0.3000989710086297,0.008966062544635,0.31477985805095765
alanine,Mollisols,0.45862125248424646,0.08545197764137237,0.008423599421948983
glucose,Mollisols,0.5330423299467647,0.0393592707476811,0.008180010764911002
salicylic acid,Mollisols,0.3691625328210554,0.010902113288063217,0.1582846815397458
sinapyl alcohol,Mollisols,0.3837334716534033,0.010901599739541343,0.9830566554324488
oxalic acid,Mollisols,0.3458314838050844,0.010901520038152401,0.31469906094792616
alanine,Mollisols,0.44952634495961635,0.059483456081058185,0.012102521399459845
glucose,Mollisols,0.5258101262137531,0.0628824725781238,0.005093708276088263
salicylic acid,Mollisols,0.35059649653419633,0.011327412373964731,0.15828103573356866
sinapyl alcohol,Mollisols,0.3623950740076846,0.011327491171140248,0.9830531361566667
oxalic acid,Mollisols,0.3287628625537934,0.011327419962880536,0.31466134202963825
alanine,Mollisols,0.4965806103554916,0.12249210651590155,0.005982902712482346
glucose,Mollisols,0.58890390303364,0.07182593091183541,0.004535099313420973
salicylic acid,Mollisols,0.2618117437327742,0.007121915365846629,0.15830004663085534
sinapyl alcohol,Mollisols,0.2711329534342551,0.00816010955751866,0.9830708144636493
oxalic acid,Mollisols,NaN,0.0074220856222683386,0.3148615295331314
alanine,Mollisols,NaN,0.014212592977294347,0.04209950054032034
glucose,Mollisols,NaN,0.06977562148195099,0.004004143401115563
salicylic acid,Mollisols,NaN,0.003673814059073842,0.15829917915823205
sinapyl alcohol,Mollisols,NaN,0.0036741896192362252,0.9830701663503356
oxalic acid,Mollisols,NaN,0.0036726522144069846,0.31485153837404956
alanine,Mollisols,0.4721606072856601,0.3717399091769005,0.001931666275243947
glucose,Mollisols,0.5339608209213706,0.08519322579099815,0.0037589357225378322
salicylic acid,Mollisols,0.38734877425009184,0.057455645651271106,0.09461092101291899
sinapyl alcohol,Mollisols,0.4024061343793446,0.057455051661293284,0.37737110902985993
oxalic acid,Mollisols,0.3612758363034254,0.057454681969757906,0.10182537744270823
alanine,Mollisols,0.4439133666506301,0.07425254686168431,0.009535624857763821
glucose,Mollisols,0.5051645601658565,0.015718369333441146,0.015947359160851524
salicylic acid,Mollisols,0.3734566748289274,0.03767530024456697,0.11222871203801389
sinapyl alcohol,Mollisols,0.3894937672442845,0.03767426242475456,0.5706633751240554
oxalic acid,Mollisols,0.3459744952329595,0.037673495056885886,0.1533738753126526
alanine,Mollisols,0.4447497101493403,0.09780517327856234,0.007253254639988105
glucose,Mollisols,0.4976845668965306,0.020749610511422677,0.01551091741405586
salicylic acid,Mollisols,0.33289031387011087,0.009448124102383583,0.1582911049086207
sinapyl alcohol,Mollisols,0.3440397044021408,0.009449395464847597,0.9830626950766129
oxalic acid,Mollisols,0.31054543646630384,0.009448402401275122,0.31476641916349796
alanine,Mollisols,0.4506618051383726,0.06720286569988602,0.010625895709747054
glucose,Mollisols,0.5379828072064058,0.07049423548596187,0.004502679858779008
salicylic acid,Mollisols,0.2629710071730368,0.005283039945513891,0.15829988031329528
sinapyl alcohol,Mollisols,0.27197995442269507,0.005826131509847785,0.9830707002304765
oxalic acid,Mollisols,NaN,0.00543350781985822,0.31485955134140536
alanine,Mollisols,0.4645523374885996,0.07400808084206019,0.00966534986609662
glucose,Mollisols,0.5592934866359245,0.09650102233491797,0.003317471273929073
salicylic acid,Mollisols,NaN,0.009669451402175403,0.15830010664805205
sinapyl alcohol,Mollisols,NaN,0.011067323921166074,0.983070891094045
oxalic acid,Mollisols,NaN,0.010064436161864363,0.3148620322455553
alanine,Mollisols,0.5280951527479294,0.06167307075519371,0.012080949462186592
glucose,Mollisols,0.6473852664647423,0.12687619215186727,0.0025981101901958108
salicylic acid,Mollisols,0.49324235905721237,0.025560836213665512,0.14052314663112297
sinapyl alcohol,Mollisols,0.5151429991163151,0.025559788705224636,0.8677210320920627
oxalic acid,Mollisols,0.4557393898272828,0.025559864976448642,0.23725648649116932
alanine,Mollisols,0.5316618794665114,0.0946497547088721,0.007872716616001477
glucose,Mollisols,0.6439472691609063,0.06946375219240708,0.004750789699740796
salicylic acid,Mollisols,0.5012830521554434,0.0563427770728319,0.09628827435702006
sinapyl alcohol,Mollisols,0.5224655763847251,0.05634414433738758,0.3947969808261359
oxalic acid,Mollisols,0.4641102312468982,0.05634243798631704,0.10708474699012854
alanine,Mollisols,0.4752000349631026,0.4546203993037089,0.00158352611160297
glucose,Mollisols,0.5388294251776694,0.1864538666028951,0.001690104116034403
salicylic acid,Mollisols,0.3845604355615937,0.07326204243759435,0.08715136518890423
sinapyl alcohol,Mollisols,0.39846733293168735,0.07326478134837602,0.29604983853460937
oxalic acid,Mollisols,0.36003982917387056,0.0732603106142414,0.0798665219628229
alanine,Mollisols,NaN,0.026660054831610956,0.023871050490571612
glucose,Mollisols,NaN,0.02531101765223725,0.011553703635486905
salicylic acid,Mollisols,NaN,0.004369563094574495,0.1582998515345927
sinapyl alcohol,Mollisols,NaN,0.004869784973370606,0.9830707111924437
oxalic acid,Mollisols,NaN,0.004430525646062751,0.31485903253552594
alanine,Mollisols,0.42614879845329323,0.054648696917494674,0.01292698449252232
glucose,Mollisols,0.47520771963273883,0.017783249381325514,0.015918368856876846
salicylic acid,Mollisols,0.3427974936113588,0.040014663599573376,0.10895630400834669
sinapyl alcohol,Mollisols,0.3551565167062317,0.04001390463254183,0.5345129195671943
oxalic acid,Mollisols,0.3211018441863715,0.04001119447695151,0.14381620286044072
alanine,Ultisols,0.42098456819550134,0.07598254917744662,0.030408790890881717
glucose,Ultisols,0.4774937414314143,0.02417917755368546,0.043454301538555444
salicylic acid,Ultisols,NaN,0.006434533709677151,0.17752972333300035
sinapyl alcohol,Ultisols,NaN,0.006371730793958686,0.10324773834727174
oxalic acid,Ultisols,NaN,0.006401587372793099,0.1420112624619919
alanine,Ultisols,0.41973826716206064,0.1630870716663047,0.014285837542200985
glucose,Ultisols,0.4722636481937824,0.09851578857283252,0.01061076956288936
salicylic acid,Ultisols,0.31513710852097043,0.024588758636780565,0.14218548373437767
sinapyl alcohol,Ultisols,0.325910696935395,0.024587896545979274,0.09152822149329576
oxalic acid,Ultisols,0.29700417034520965,0.024587719823473665,0.10442092485693114
alanine,Ultisols,0.4700395866089425,0.1467251256323765,0.016473629033756355
glucose,Ultisols,0.5446656969036742,0.05608116055535048,0.019257099560440933
salicylic acid,Ultisols,0.327796402368311,0.00516713276308871,0.17752744618525804
sinapyl alcohol,Ultisols,0.3397184148793424,0.005143813346103594,0.1032476548245495
oxalic acid,Ultisols,0.3073078270897446,0.005154804239557305,0.14200635429724165
alanine,Ultisols,0.4915875216619594,0.11567793829762293,0.021074299638984294
glucose,Ultisols,0.576924219383731,0.022329275541875755,0.04914950015238773
salicylic acid,Ultisols,0.4380630836652136,0.03964821037522892,0.09060758792483027
sinapyl alcohol,Ultisols,0.4570265450905041,0.03964885722032732,0.058152593436888125
oxalic acid,Ultisols,0.4050653118204982,0.03964514996657613,0.06675646503108326
alanine,Ultisols,0.4743883364632773,0.10542940895704427,0.022891093614200296
glucose,Ultisols,0.55585137713359,0.030738793118657282,0.03526301633551651
salicylic acid,Ultisols,0.41287458347761274,0.030283423782777843,0.11814887234641529
sinapyl alcohol,Ultisols,0.4306897197328462,0.030283711115954584,0.07760841015877666
oxalic acid,Ultisols,0.3819628854723288,0.030281716821019176,0.08690185446443545
alanine,Ultisols,0.4917863888877301,0.13311572063986069,0.018294487266199668
glucose,Ultisols,0.5770570386818679,0.02662879873331491,0.04107862771884418
salicylic acid,Ultisols,0.4362105184927836,0.03552213946365887,0.1012490533721326
sinapyl alcohol,Ultisols,0.4552759065664508,0.03552275863399428,0.06498473920478708
oxalic acid,Ultisols,0.4033795031356934,0.03552221663599017,0.07451190051252454
alanine,Ultisols,0.4243417567100224,0.08903287782611495,0.02600293715654945
glucose,Ultisols,0.49033680911424743,0.09333898981299771,0.011246289906238762
salicylic acid,Ultisols,0.3288928057943912,0.01586332664987406,0.1770082992741048
sinapyl alcohol,Ultisols,0.3403567071088733,0.015863327351639422,0.10322970588059398
oxalic acid,Ultisols,0.30810085584826685,0.01586317161755951,0.1408325325482151
alanine,Ultisols,0.45809362947503185,0.06559762491697027,0.03663194250162898
glucose,Ultisols,0.5482184043337743,0.06979533882965526,0.015344150448562488
salicylic acid,Ultisols,0.40002762194451125,0.03125941698669218,0.11382350237466288
sinapyl alcohol,Ultisols,0.41734802753768996,0.03125948097079211,0.073223130991083
oxalic acid,Ultisols,0.3702207366078699,0.03126032538448735,0.08373268301409004
alanine,Ultisols,0.46869511048346196,0.11311339351255408,0.02139416384031186
glucose,Ultisols,0.5577175375910524,0.14695450599293575,0.007328389899946691
salicylic acid,Ultisols,0.2615562789006333,0.0071522861446499325,0.17752912267185295
sinapyl alcohol,Ultisols,0.26960023232837604,0.007049632625098289,0.10324771335575084
oxalic acid,Ultisols,NaN,0.007098255000081237,0.14201006543412314
alanine,Ultisols,0.48947367093620264,0.10770410864010407,0.022697760862232973
glucose,Ultisols,0.5898125223067057,0.14349014744072014,0.007570367024561967
salicylic acid,Ultisols,0.25793052617881046,0.007356993124442034,0.1775293568276854
sinapyl alcohol,Ultisols,0.2661211584660634,0.007196756821850614,0.10324772169941104
oxalic acid,Ultisols,NaN,0.007273538734031556,0.14201057828025074
alanine,Ultisols,0.4967198734046106,0.10596737269222777,0.023166440831516182
glucose,Ultisols,0.5786668634630223,0.019802783762091426,0.05402825454983764
salicylic acid,Ultisols,0.4485110050019392,0.07508625994581676,0.04795039339443809
sinapyl alcohol,Ultisols,0.46681161919500624,0.07508487909316171,0.03075182458250615
oxalic acid,Ultisols,0.4166965229575329,0.0750839575040275,0.03532545829691289
alanine,Ultisols,0.49454119613368286,0.10101891229860284,0.02419869883838609
glucose,Ultisols,0.5966617331938536,0.09383248724479809,0.011590418117681403
salicylic acid,Ultisols,0.3978364177958325,0.006568529963127007,0.177524228999342
sinapyl alcohol,Ultisols,0.4147160295558975,0.006562786955612663,0.10324754595110716
oxalic acid,Ultisols,0.368558939676182,0.006565547875697618,0.1419991198706997
alanine,Ultisols,0.4350424491347814,0.06877679478107368,0.03448025717459902
glucose,Ultisols,0.5073563198806192,0.06878291406671944,0.015410235262336652
salicylic acid,Ultisols,0.35718146291897435,0.03897357057358748,0.09019167429389272
sinapyl alcohol,Ultisols,0.3690046183073127,0.03894664355271812,0.05797723067878474
oxalic acid,Ultisols,0.33344802124725625,0.03897409029085598,0.06624678949702209
alanine,Ultisols,0.45139056375368775,0.11021367595330131,0.02171208808535678
glucose,Ultisols,0.5252911384153658,0.07996686984505576,0.013358659754560347
salicylic acid,Ultisols,0.3641265149002286,0.014148693809280473,0.1773283743484006
sinapyl alcohol,Ultisols,0.37746074924050216,0.014148679094601258,0.10324068717791512
oxalic acid,Ultisols,0.3395777315809286,0.01414866025249174,0.1415640777112544
alanine,Ultisols,0.4800630546660582,0.1260367546092502,0.019301235787355913
glucose,Ultisols,0.5640085144445504,0.07499353642799256,0.014450442294600319
salicylic acid,Ultisols,0.3804814588049861,0.00806346580557511,0.17751779407320736
sinapyl alcohol,Ultisols,0.39500368085726656,0.00806243493897606,0.10324731467010527
oxalic acid,Ultisols,0.3533471034722403,0.008062912196114266,0.1419850954656631
alanine,Ultisols,0.4595209970991372,0.12805346800345066,0.01879747201464397
glucose,Ultisols,0.5391972662419409,0.11625413931276296,0.00921853803515344
salicylic acid,Ultisols,0.3762275247461312,0.015636060884512713,0.17714497939925974
sinapyl alcohol,Ultisols,0.39006594826681595,0.015636056695317185,0.10323424293798839
oxalic acid,Ultisols,0.35075290723087427,0.015636012398173305,0.1411521039663956
alanine,Ultisols,0.4863599066083185,0.18326606941618734,0.013297090795033746
glucose,Ultisols,0.5737426806620196,0.11447480511630846,0.00946920302507615
salicylic acid,Ultisols,0.4187751874335577,0.020103393920519637,0.1742366811265207
sinapyl alcohol,Ultisols,0.4349932252481008,0.020103381831461528,0.103139310606016
oxalic acid,Ultisols,0.3894720095305429,0.020103319569600132,0.13291062579164162
alanine,Ultisols,0.5093866862882541,0.13941828522949612,0.017700848667054767
glucose,Ultisols,0.5994849640504671,0.04065316108478418,0.027073432864399047
salicylic acid,Ultisols,0.45736450946021157,0.040654882360373484,0.08918814777555294
sinapyl alcohol,Ultisols,0.4763640690397287,0.040653680861681196,0.05716678786460813
oxalic acid,Ultisols,0.42453601493078186,0.0406520724130604,0.0658077117345993
alanine,Ultisols,0.5153724791487655,0.10614372954084661,0.02328663482527214
glucose,Ultisols,0.6265208256833519,0.1250528035666458,0.008774655210932836
salicylic acid,Ultisols,0.4411633562475894,0.00834572204730251,0.17751776741068173
sinapyl alcohol,Ultisols,0.45981540648576313,0.008345091388654635,0.10324731448342714
oxalic acid,Ultisols,0.40856687864560604,0.00834538512416052,0.1419850124615717
alanine,Ultisols,0.4757538678611226,0.0987502086509226,0.024551743768251883
glucose,Ultisols,0.5688346794953807,0.09418326184966531,0.01144718081046599
salicylic acid,Ultisols,0.38066075455502846,0.007655369956676548,0.17751958825226022
sinapyl alcohol,Ultisols,0.3961566478871643,0.007654169946161193,0.10324738616477053
oxalic acid,Ultisols,0.3516636571310936,0.007654699817320661,0.14198877421478567
alanine,Ultisols,0.4768482576920239,0.09480414388825346,0.02559416729866111
glucose,Ultisols,0.5709834251438921,0.094815072284409,0.011384191289282324
salicylic acid,Ultisols,0.3637615843559423,0.006011629483050245,0.17752546030584893
sinapyl alcohol,Ultisols,0.37846233522109873,0.0060035579174959035,0.10324758905932885
oxalic acid,Ultisols,0.33831028289902254,0.006007305317224291,0.14200184099232158
alanine,Ultisols,0.45842060060132384,0.07926690363303299,0.030198181657543566
glucose,Ultisols,0.5494135286105991,0.0869034908101855,0.012282763525152987
salicylic acid,Ultisols,NaN,0.009473081091395545,0.177529452207191
sinapyl alcohol,Ultisols,NaN,0.009371203166016336,0.10324772761381858
oxalic acid,Ultisols,NaN,0.009419958035009422,0.14201070404684332
alanine,Ultisols,0.4947696775817113,0.21394692179065028,0.011434229101269441
glucose,Ultisols,0.5876739216806706,0.16590925670026616,0.006552731929624995
salicylic acid,Ultisols,0.41936241564137944,0.015155315090156815,0.17725814507840068
sinapyl alcohol,Ultisols,0.4356411789922827,0.01515529547267731,0.10323814513596331
oxalic acid,Ultisols,0.39054527491819524,0.015155305926788893,0.14140939907344813
alanine,Ultisols,NaN,0.03767173494124895,0.05878024917413423
glucose,Ultisols,0.4108564315003514,0.037194453477865916,0.02695969740587666
salicylic acid,Ultisols,NaN,0.0031214598714303264,0.17752968597446386
sinapyl alcohol,Ultisols,NaN,0.0030954089307131186,0.10324773747077562
oxalic acid,Ultisols,NaN,0.003107421591604449,0.14201116556988255
alanine,Ultisols,0.4261943665707061,0.0549580423004083,0.042956892390824425
glucose,Ultisols,0.49161764836178706,0.04103129868091875,0.025803098696260126
salicylic acid,Ultisols,0.31998698356113864,0.008965840980910187,0.1775069341758719
sinapyl alcohol,Ultisols,0.3313634053975888,0.008965748723704117,0.10324695615877195
oxalic acid,Ultisols,0.30033926105564346,0.00896575797260335,0.1419603685562884
alanine,Ultisols,0.45861953708913206,0.08545197334592172,0.028179069299638117
glucose,Ultisols,0.5333398142341128,0.03936704897238463,0.027370398452518617
salicylic acid,Ultisols,0.3690327035094907,0.010902170038868883,0.17748432003468154
sinapyl alcohol,Ultisols,0.3830340192929227,0.010902111718017995,0.1032461521118581
oxalic acid,Ultisols,0.3461648487515647,0.010901495621433121,0.1419107453442365
alanine,Ultisols,0.44935008091263406,0.059484842690587236,0.04046500298096176
glucose,Ultisols,0.5256320894463331,0.06288335665419569,0.017063888141957344
salicylic acid,Ultisols,0.3505513975096678,0.011327419661623888,0.17747363487311024
sinapyl alcohol,Ultisols,0.36285367992191253,0.011327406690291648,0.10324576278815367
oxalic acid,Ultisols,0.3288670066684491,0.011327400802725526,0.14188759029790102
alanine,Ultisols,0.49646798315730367,0.12249333518103095,0.02002391666924022
glucose,Ultisols,0.5889030197285212,0.07182838488180371,0.01517819519185715
salicylic acid,Ultisols,0.26176715136203776,0.007218587154393933,0.17752936252481527
sinapyl alcohol,Ultisols,0.2703080255913829,0.007126911030244385,0.10324772169312653
oxalic acid,Ultisols,NaN,0.007171149031970111,0.14201059767744723
alanine,Ultisols,NaN,0.014212592788334116,0.14254454181738266
glucose,Ultisols,NaN,0.06977690785369287,0.013326977115517736
salicylic acid,Ultisols,NaN,0.0036738078186214092,0.1775268209270815
sinapyl alcohol,Ultisols,NaN,0.0036743527946534534,0.10324764893377798
oxalic acid,Ultisols,NaN,0.0036726722163465666,0.14200444204635085
alanine,Ultisols,0.47219611515481963,0.371776219235574,0.0064657317079041795
glucose,Ultisols,0.5342485923605971,0.08520272717217516,0.012587288788361834
salicylic acid,Ultisols,0.38734466731063455,0.0574556675908047,0.06169044834333385
sinapyl alcohol,Ultisols,0.402189299658567,0.057457077234720835,0.03968282843854738
oxalic acid,Ultisols,0.36129070337379254,0.05745305467881195,0.04539199087054048
alanine,Ultisols,0.4439106888625506,0.07425257651262873,0.03185053603555151
glucose,Ultisols,0.5051610052139512,0.0157183645444224,0.05505436161776502
salicylic acid,Ultisols,0.37324200395380647,0.03767434335850095,0.09315512548962404
sinapyl alcohol,Ultisols,0.3894224932462579,0.037675407233463326,0.059958111693597195
oxalic acid,Ultisols,0.34574249079882874,0.03767349923764109,0.06838981942108951
alanine,Ultisols,0.4446368773430578,0.09780914714680142,0.024237145510621918
glucose,Ultisols,0.49715897236484896,0.020751105677144333,0.05187571334497878
salicylic acid,Ultisols,0.33282233435511455,0.00944822409739398,0.1775031493927837
sinapyl alcohol,Ultisols,0.34468778927399313,0.009448129729023196,0.10324682023894469
oxalic acid,Ultisols,0.31068993147005525,0.009448134957506227,0.14195211210120695
alanine,Ultisols,0.4506585859658484,0.06720651301503155,0.03547119131423179
glucose,Ultisols,0.5381384234561288,0.07061072506265499,0.015072069244759803
salicylic acid,Ultisols,0.26297100507536775,0.005330454364512913,0.17752887517661278
sinapyl alcohol,Ultisols,0.27197998742875185,0.005285491764785004,0.10324770890169971
oxalic acid,Ultisols,NaN,0.005306979569833274,0.1420093791857087
alanine,Ultisols,0.4635287609938523,0.07439725808746435,0.03236146369683686
glucose,Ultisols,0.5591642655417508,0.09650126941519031,0.011108174980736912
salicylic acid,Ultisols,NaN,0.00981173401354946,0.17752953842253616
sinapyl alcohol,Ultisols,NaN,0.00968059117355009,0.10324773025325898
oxalic acid,Ultisols,NaN,0.009755889330703118,0.14201090718557172
alanine,Ultisols,0.5280855217350484,0.061678710178028846,0.04043373981343724
glucose,Ultisols,0.6473842303082535,0.12687621333094506,0.008704295347068186
salicylic acid,Ultisols,0.4932054196411054,0.025558682055677254,0.14350897335019291
sinapyl alcohol,Ultisols,0.5147560398725747,0.02555872799756671,0.09191495588480718
oxalic acid,Ultisols,0.455827636624641,0.02555992655865756,0.10596194732596367
alanine,Ultisols,0.5316569746780204,0.09465353472874696,0.026355771604411483
glucose,Ultisols,0.6436617760114292,0.06946466376119106,0.015924487779211023
salicylic acid,Ultisols,0.500965823186902,0.05634581474576174,0.06475378328114738
sinapyl alcohol,Ultisols,0.5220581615652851,0.05634453572903482,0.041524061617253326
oxalic acid,Ultisols,0.4641471306742033,0.056342557131042185,0.0477650923587347
alanine,Ultisols,0.4751999671744023,0.4546177222637059,0.005298518386357741
glucose,Ultisols,0.5388292948978055,0.18645386468051672,0.005752957911298041
salicylic acid,Ultisols,0.38455688727440385,0.07326202596489505,0.04842543040324063
sinapyl alcohol,Ultisols,0.3985357168946557,0.07326205547153458,0.031107738697423726
oxalic acid,Ultisols,0.3600511788117789,0.07326015021131052,0.03560725611278895
alanine,Ultisols,NaN,0.026962980619317452,0.07947010838504852
glucose,Ultisols,NaN,0.025358645788320484,0.038520459621130716
salicylic acid,Ultisols,NaN,0.004369519959591638,0.17752879104064087
sinapyl alcohol,Ultisols,NaN,0.004370168991620321,0.10324771001918895
oxalic acid,Ultisols,NaN,0.004368259168344471,0.14200905859869312
alanine,Ultisols,0.426145518818407,0.05464866453218413,0.043151280400007146
glucose,Ultisols,0.4752031366796452,0.01778325212409156,0.05466283460184333
salicylic acid,Ultisols,0.34252991624966284,0.0400149659995025,0.08732758273797354
sinapyl alcohol,Ultisols,0.35501296458409404,0.04001424238614579,0.05619731670139187
oxalic acid,Ultisols,0.3211241358357415,0.040012792275458064,0.06413731767331092
alanine,Alfisols,0.4211112533942103,0.07541080002551578,0.03786984260711457
glucose,Alfisols,0.47749392287750325,0.02417917799107991,0.03969963230101678
salicylic acid,Alfisols,NaN,0.006470841636532953,0.21304841508149752
sinapyl alcohol,Alfisols,NaN,0.00651605475356394,0.2542951940816338
oxalic acid,Alfisols,NaN,0.00660893253829583,0.3355001653379562
alanine,Alfisols,0.4196821356475945,0.16306793888036472,0.017799111432947875
glucose,Alfisols,0.47193778722077057,0.09850420277594624,0.00968534105674046
salicylic acid,Alfisols,0.3155059142847825,0.02458782053235283,0.1745327723369186
sinapyl alcohol,Alfisols,0.32589627159296936,0.02458876930838022,0.2259057340318717
oxalic acid,Alfisols,0.2950974152562861,0.02452210613966259,0.24908881139837874
alanine,Alfisols,0.4701167455276589,0.14672223625763228,0.020507820340214696
glucose,Alfisols,0.5446659274990456,0.056080155992331855,0.01757404454477833
salicylic acid,Alfisols,0.3277019421098575,0.005181377023786479,0.21304734854564183
sinapyl alcohol,Alfisols,0.33931800630728404,0.005199903773514324,0.2542950540396742
oxalic acid,Alfisols,0.30681684880774995,0.005240783468534367,0.33549142725027303
alanine,Alfisols,0.491586599681607,0.11567808768227633,0.02623394060712651
glucose,Alfisols,0.5769246976704676,0.02232927617970344,0.04488819758154948
salicylic acid,Alfisols,0.4380572763311773,0.03964645973203904,0.11115302998658032
sinapyl alcohol,Alfisols,0.45700798252881714,0.03964726392018014,0.14362950599294502
oxalic acid,Alfisols,0.405029186232715,0.039645049094072085,0.15931099529271955
alanine,Alfisols,0.4751701596562018,0.10466523861001309,0.02847932998455774
glucose,Alfisols,0.5558516620451475,0.030736806947066354,0.03220822029894804
salicylic acid,Alfisols,0.413060361559469,0.030283078094736324,0.1449394261064927
sinapyl alcohol,Alfisols,0.4308149133638002,0.030282041916105427,0.1872662854948251
oxalic acid,Alfisols,0.3819305413481268,0.030279926237186564,0.2073820625398372
alanine,Alfisols,0.4917857095582816,0.1331157031161158,0.02277455072476559
glucose,Alfisols,0.5770574339849444,0.02662879938950162,0.0375040986293509
salicylic acid,Alfisols,0.4362047976118991,0.035523948313046755,0.12412846579657501
sinapyl alcohol,Alfisols,0.4529402943553933,0.03548917246695466,0.16035672242185223
oxalic acid,Alfisols,0.40334219919959335,0.035519413408435396,0.17784723521703388
alanine,Alfisols,0.423648372997427,0.09009224000430016,0.03243826342131783
glucose,Alfisols,0.49033687304442874,0.09333693175543567,0.010267071286767062
salicylic acid,Alfisols,0.3288873625376453,0.015863328858295223,0.21280225370713426
sinapyl alcohol,Alfisols,0.34033386939654203,0.01586333607985209,0.2542648927129595
oxalic acid,Alfisols,0.3080658447099177,0.015863164803896303,0.3333783296054369
alanine,Alfisols,0.4582512391172116,0.06559712540446241,0.04558272040582965
glucose,Alfisols,0.5483822006506753,0.06979734583412839,0.014001980494328888
salicylic acid,Alfisols,0.4000228736808319,0.03125939707533272,0.13984925210178656
sinapyl alcohol,Alfisols,0.41744660054211336,0.03126108286180165,0.1806720151450902
oxalic acid,Alfisols,0.3701847971311005,0.0312602468038253,0.1998005498727334
alanine,Alfisols,0.46869413944872856,0.11311337681770212,0.026637568510127222
glucose,Alfisols,0.5577176004237874,0.14695450656813064,0.006692960553435937
salicylic acid,Alfisols,0.2615335099138415,0.007214883644704819,0.21304813377708096
sinapyl alcohol,Alfisols,0.26950473786683293,0.007295967781308933,0.2542951521878572
oxalic acid,Alfisols,NaN,0.0074755859498477776,0.33549803480884727
alanine,Alfisols,0.4894728449671132,0.1077066729518901,0.028260753541061317
glucose,Alfisols,0.5898126480363421,0.14349014808057317,0.006911793245770056
salicylic acid,Alfisols,0.2579305245199402,0.0074506675462336445,0.21304824343351067
sinapyl alcohol,Alfisols,0.2661211493348077,0.007568201745304922,0.2542951661731445
oxalic acid,Alfisols,NaN,0.007761834780653434,0.33549894745229525
alanine,Alfisols,0.4968474718757252,0.10596987497955172,0.028820427841905156
glucose,Alfisols,0.5786680895856654,0.019802784731680678,0.04896984071829815
salicylic acid,Alfisols,0.4486934854753647,0.07508390261798643,0.05880845729952398
sinapyl alcohol,Alfisols,0.4666488641444281,0.07508636495671427,0.07589400763350461
oxalic acid,Alfisols,0.4168527303267404,0.07508176440132858,0.08433173288635955
alanine,Alfisols,0.49453991155393007,0.10101893833553978,0.030121603735156377
glucose,Alfisols,0.5967881490072275,0.0938324372241137,0.010571282115723732
salicylic acid,Alfisols,0.3978126369953297,0.0065716433163927205,0.21304584135241136
sinapyl alcohol,Alfisols,0.41461558349341543,0.006575385058089172,0.25429487137012036
oxalic acid,Alfisols,0.3684405259052775,0.006582521337569022,0.33547853782164067
alanine,Alfisols,0.43504082087303186,0.06877483212756208,0.04296091664851098
glucose,Alfisols,0.5073564664904697,0.06878300734350465,0.014086156712223012
salicylic acid,Alfisols,0.35741157140276825,0.03897379493432076,0.11064851687908442
sinapyl alcohol,Alfisols,0.3710268984582437,0.03897540495702205,0.1432133671544743
oxalic acid,Alfisols,0.33308050683402723,0.03889277596491526,0.15811088347159577
alanine,Alfisols,0.45148597072612223,0.11020945088652068,0.027037971745780168
glucose,Alfisols,0.5252912638359237,0.07996971147914952,0.01220208582135507
salicylic acid,Alfisols,0.36409929764692156,0.014148697809171985,0.21295382543742034
sinapyl alcohol,Alfisols,0.37734569167179477,0.014148695203228815,0.25428335027473237
oxalic acid,Alfisols,0.33942617282797116,0.014148683738695465,0.33470019038504
alanine,Alfisols,0.47965165286702754,0.12601232272865295,0.024027155092420947
glucose,Alfisols,0.5640087453283067,0.07499353723214636,0.01320243645063514
salicylic acid,Alfisols,0.3804362428642085,0.008064092043222029,0.21304282614247916
sinapyl alcohol,Alfisols,0.3948163876950319,0.008064906129632753,0.2542944832029135
oxalic acid,Alfisols,0.35312575325043877,0.008066683445652909,0.3354535390769571
alanine,Alfisols,0.45960231777108385,0.12805153513992457,0.023382444780915515
glucose,Alfisols,0.5391973402777702,0.1162541390026012,0.008417968301521642
salicylic acid,Alfisols,0.3762134360145486,0.015636060742989864,0.21286715007035617
sinapyl alcohol,Alfisols,0.3900063495364974,0.015636056060366763,0.25427251925035116
oxalic acid,Alfisols,0.35067070815608353,0.01563601119111527,0.33395764561629454
alanine,Alfisols,0.4863594220952515,0.1832632653440764,0.016550704567492316
glucose,Alfisols,0.573742785158619,0.11447284214226312,0.008640179053470611
salicylic acid,Alfisols,0.4187621364234244,0.02010340226556148,0.21139057601372963
sinapyl alcohol,Alfisols,0.4349400421043096,0.020103414666392393,0.2541124670949206
oxalic acid,Alfisols,0.389390340318733,0.020102171190606175,0.3169212215329053
alanine,Alfisols,0.5093859439570927,0.13941827343970142,0.022026923535586895
glucose,Alfisols,0.5999129145270723,0.04065221662601425,0.024679764453117363
salicylic acid,Alfisols,0.4573569109217541,0.04065378432771846,0.1093886596721778
sinapyl alcohol,Alfisols,0.4755521067381362,0.040645213643262124,0.14113760537026446
oxalic acid,Alfisols,0.4244918513518574,0.04065460894486815,0.15692945600856564
alanine,Alfisols,0.515371235004668,0.1061404779742875,0.028976053016981966
glucose,Alfisols,0.6266360994928029,0.125053892512866,0.008002079075800092
salicylic acid,Alfisols,0.4411121559341685,0.008346082982939207,0.21304281350588153
sinapyl alcohol,Alfisols,0.4596027572055045,0.008346529318818602,0.25429448284038486
oxalic acid,Alfisols,0.40830566654149925,0.008347437643324448,0.3354533872587235
alanine,Alfisols,0.4756261708102251,0.09872349214601109,0.030534610349359698
glucose,Alfisols,0.5688347828245004,0.09418326255138473,0.010451089727878223
salicylic acid,Alfisols,0.38063348216315684,0.007656066922516102,0.21304366694871205
sinapyl alcohol,Alfisols,0.39605389502512256,0.007656948173871804,0.25429460322043074
oxalic acid,Alfisols,0.3515649243675126,0.00765867503953716,0.3354600990101244
alanine,Alfisols,0.4768472051421766,0.09477698471294425,0.03183532552072563
glucose,Alfisols,0.5711143577313977,0.09481452816681467,0.010388751781055543
salicylic acid,Alfisols,0.36373775957070315,0.006016221778068109,0.21304641825088513
sinapyl alcohol,Alfisols,0.37835936963391525,0.006021916704725268,0.2542949437139789
oxalic acid,Alfisols,0.33819231349318013,0.00603307963770352,0.33548338740542777
alanine,Alfisols,0.45841950068411313,0.07926375812489944,0.03761680986616287
glucose,Alfisols,0.549413649098313,0.0869034911644202,0.011216567733969897
salicylic acid,Alfisols,NaN,0.00953149991825248,0.21304828811211346
sinapyl alcohol,Alfisols,NaN,0.009603705308942695,0.25429517609151653
oxalic acid,Alfisols,NaN,0.009750965200881761,0.33549917156744324
alanine,Alfisols,0.49476930018565257,0.21394690628079777,0.014231539724623066
glucose,Alfisols,0.5876739853949053,0.16591068727204672,0.005984415496119228
salicylic acid,Alfisols,0.4193417630092555,0.015155318615149698,0.21292068468493833
sinapyl alcohol,Alfisols,0.4355535468399919,0.015155309727271724,0.2542790777172555
oxalic acid,Alfisols,0.39042970378733943,0.015155326805989217,0.334421900374631
alanine,Alfisols,NaN,0.03767173911796989,0.07339609340809353
glucose,Alfisols,0.41105691173670933,0.03719440762138204,0.02462850951957265
salicylic acid,Alfisols,NaN,0.0031378977582184873,0.21304839759706093
sinapyl alcohol,Alfisols,NaN,0.003159815147152697,0.2542951926163513
oxalic acid,Alfisols,NaN,0.0032101187848075424,0.33549999319046786
alanine,Alfisols,0.4261931676790357,0.05495739337723434,0.05350310008408662
glucose,Alfisols,0.49186719556489167,0.0410324666370131,0.023548083082890185
salicylic acid,Alfisols,0.3199290423137973,0.00896589763010112,0.21303773670290227
sinapyl alcohol,Alfisols,0.33112238248113174,0.008965971831551078,0.25429388146751264
oxalic acid,Alfisols,0.3000733643640139,0.008966108835333882,0.3354094535068311
alanine,Alfisols,0.4587371767718952,0.08544633621344683,0.03506599428270269
glucose,Alfisols,0.5333402199619731,0.03936704966518234,0.02499104515402315
salicylic acid,Alfisols,0.37059546547805944,0.01090153378102079,0.2130271324873448
sinapyl alcohol,Alfisols,0.3844425602304319,0.01090153551708442,0.25429253117316697
oxalic acid,Alfisols,0.34578820406340405,0.010901523462636138,0.33532088061365917
alanine,Alfisols,0.44896348398948566,0.059467762458657404,0.05035237826725787
glucose,Alfisols,0.525809599462185,0.0628824693560259,0.015559407118779093
salicylic acid,Alfisols,0.3505278832843378,0.011327423550912446,0.21302212009517302
sinapyl alcohol,Alfisols,0.36275439377900204,0.011327422307219734,0.25429187733194253
oxalic acid,Alfisols,0.3287504159649106,0.011327422364109413,0.33527953314439024
alanine,Alfisols,0.49657823487874764,0.1224958437307039,0.02491191757309124
glucose,Alfisols,0.5889032032436547,0.07182594472856335,0.013856583064818524
salicylic acid,Alfisols,0.261746202742133,0.007269444937293453,0.2130482460997124
sinapyl alcohol,Alfisols,0.2702109220565971,0.007331011648005682,0.25429516616173975
oxalic acid,Alfisols,NaN,0.007452772124596714,0.3354989819370142
alanine,Alfisols,NaN,0.01421259268925105,0.17596626896223724
glucose,Alfisols,NaN,0.06977562141101269,0.012193838320813964
salicylic acid,Alfisols,NaN,0.0036738042186642726,0.21304705599072116
sinapyl alcohol,Alfisols,NaN,0.003674338850343552,0.2542950442806029
oxalic acid,Alfisols,NaN,0.0036726492895322563,0.33548803124205356
alanine,Alfisols,0.47216042842710104,0.371743307327341,0.00804331302316387
glucose,Alfisols,0.5343775445997561,0.08520180863284872,0.011483067105556173
salicylic acid,Alfisols,0.38734219832373795,0.05745568163748099,0.07570400602668403
sinapyl alcohol,Alfisols,0.4023381840786652,0.05745679107900851,0.09782909844259308
oxalic acid,Alfisols,0.3612735772740696,0.057454686665097406,0.10840315163400402
alanine,Alfisols,0.4439094678173515,0.07425259256114902,0.039700412043699965
glucose,Alfisols,0.5051617413998838,0.015718365500153465,0.049546763961059385
salicylic acid,Alfisols,0.37323839981449125,0.03767567373958778,0.11433817395095226
sinapyl alcohol,Alfisols,0.389413201368761,0.03767508704243977,0.14800070433206022
oxalic acid,Alfisols,0.34597224911098656,0.037673494488644876,0.16328446059983892
alanine,Alfisols,0.44537716908743,0.09710686216286667,0.030179307204319016
glucose,Alfisols,0.49715962725781065,0.020751163915600335,0.047348237550933876
salicylic acid,Alfisols,0.33278761155339764,0.009448278028136088,0.21303596236294234
sinapyl alcohol,Alfisols,0.3445404256203116,0.009448346462501476,0.2542936532197007
oxalic acid,Alfisols,0.31052871551467265,0.009448436615540895,0.3353947210672067
alanine,Alfisols,0.4506571294833571,0.0672028108570313,0.04420002122396667
glucose,Alfisols,0.5381385673960813,0.07061302881865983,0.013779114967893922
salicylic acid,Alfisols,0.2629710040607804,0.005355834440804896,0.21304801787942598
sinapyl alcohol,Alfisols,0.27197998189974937,0.005386966000840255,0.25429514472955467
oxalic acid,Alfisols,NaN,0.005449380104081755,0.3354968137040777
alanine,Alfisols,0.4636709822834192,0.07439637712187708,0.0402535645287364
glucose,Alfisols,0.5587256362011048,0.09635521933919394,0.010129044971503558
salicylic acid,Alfisols,NaN,0.009872917217063714,0.21304832848244973
sinapyl alcohol,Alfisols,NaN,0.009948617291861764,0.25429518051373434
oxalic acid,Alfisols,NaN,0.010103964202325112,0.33549953297140367
alanine,Alfisols,0.5280815890567278,0.061674601990493905,0.05030553305694024
glucose,Alfisols,0.6473844442016127,0.12687795917730235,0.007952018030426807
salicylic acid,Alfisols,0.49318768733785723,0.02556081034604055,0.17597638672887214
sinapyl alcohol,Alfisols,0.5140861948964739,0.025559299264905286,0.22569370564669697
oxalic acid,Alfisols,0.4565002861617651,0.025559858220454076,0.25277775414928294
alanine,Alfisols,0.531654911089975,0.09464968293377618,0.03279867374260651
glucose,Alfisols,0.6439453948861299,0.06946374557345666,0.014520330374369566
salicylic acid,Alfisols,0.5012602319461087,0.05634439073873557,0.07941433569270558
sinapyl alcohol,Alfisols,0.5222814464360996,0.05634436879504815,0.1023926510029495
oxalic acid,Alfisols,0.46410618963734307,0.056342424787557965,0.11400556662255583
alanine,Alfisols,0.4750039439949661,0.4545907505361314,0.006593732538136396
glucose,Alfisols,0.5388973610770686,0.1864528647087095,0.005250063691034554
salicylic acid,Alfisols,0.3847241838051271,0.07326388036111718,0.05938740950430427
sinapyl alcohol,Alfisols,0.3986643465199221,0.0732638899229961,0.07675151118402876
oxalic acid,Alfisols,0.36003806836715024,0.07326226561678284,0.08503386969546575
alanine,Alfisols,NaN,0.026620688407759958,0.09920463339526277
glucose,Alfisols,NaN,0.025356795726373213,0.035231115049443554
salicylic acid,Alfisols,NaN,0.004379579467359173,0.21304797855158214
sinapyl alcohol,Alfisols,NaN,0.004398533869497432,0.25429514662974834
oxalic acid,Alfisols,NaN,0.004442483394290018,0.3354962452485955
alanine,Alfisols,0.42614403413714796,0.054648650307455325,0.05377177544011581
glucose,Alfisols,0.4752040837544965,0.017783251540147666,0.049334231969807005
salicylic acid,Alfisols,0.3427855344485091,0.040013472644853734,0.10713445109714569
sinapyl alcohol,Alfisols,0.355209175750264,0.040013689458765746,0.13870587174461602
oxalic acid,Alfisols,0.32109908519402397,0.04001118417974991,0.15311917292873536
